usuario_id,semana_inicio,PC1,PC2
u1,2022-02-22,-0.7540852377427354,0.4093180905995344
u1,2022-03-01,-0.9707282374533474,-0.04927951647850068
u1,2022-03-08,-1.5732568792192072,-0.21426633242808613
u1,2022-03-15,-1.433772059334462,-0.33892944587699253
u1,2022-03-22,-1.3438994902014418,-0.2829956946215665
u1,2022-03-29,-1.68211134300378,-0.5012155970313219
u1,2022-04-05,-1.6551707694729094,-0.348000737190719
u1,2022-04-12,-1.4703161326525855,-0.06312850528631359
u1,2022-04-19,-0.9070934996850174,-0.03814933093062245
u1,2022-04-26,-1.7026127160256312,-0.5468203023786133
u1,2022-05-03,-1.0123940568026786,0.2585277965752961
u1,2022-05-10,-1.7542038348812132,-0.21183078249215437
u1,2022-05-17,-1.7454246798203255,-0.46935849691247483
u1,2022-05-24,-1.8257865811254996,-0.2270122619526712
u1,2022-05-31,-1.6279092379254234,-0.19032568433679903
u1,2022-06-07,-1.0198920364379322,-0.06424160932693457
u1,2022-06-14,-1.4096504402790762,0.28524049011862346
u1,2022-06-21,-1.2162284818941593,0.4454262148257868
u1,2022-06-28,-1.393701886214245,-0.19483304276865548
u1,2022-07-05,-1.5656555102889578,-0.1819615493110749
u1,2022-07-12,-1.2598208182500588,-0.446740209099533
u1,2022-07-19,-0.3015000353206103,-0.5248332038434305
u1,2022-07-26,-0.8913908245672358,0.01785174962689612
u1,2022-08-02,-1.5938131057185214,-0.395263530393681
u1,2022-08-09,-1.2796754971065485,0.4598222030349949
u1,2022-08-16,-1.4699502650427398,-0.26285992799363783
u1,2022-08-23,-1.1176406300383048,-0.34406972556242
u1,2022-08-30,-1.8407401087251396,-0.27062939958311516
u1,2022-09-06,-1.7642951480438611,-0.07587467810397437
u1,2022-09-13,-1.2838769666509566,-0.2240714995766355
u1,2022-09-20,-1.6824951373522066,-0.2823597600880747
u1,2022-09-27,-1.2214309566508077,-0.410130732143121
u1,2022-10-04,-1.9831101398711701,0.3375433370284737
u1,2022-10-11,-1.5494800976605676,-0.18236397599276027
u1,2022-10-18,-1.6401072969284665,-0.5314102724533012
u1,2022-10-25,-1.6030439534839072,0.5117293443872611
u1,2022-11-01,-1.7017756154683366,-0.0332262886169232
u1,2022-11-08,-1.5196509703560397,-0.7402250599020308
u1,2022-11-15,-1.792165818193338,-0.08835174184182634
u1,2022-11-22,-1.7426342023459618,-0.18907934804766965
u1,2022-11-29,-1.6971391389661208,-0.049058992723584355
u1,2022-12-06,-1.166359649377036,-0.14005248489182906
u1,2022-12-13,-1.4437006797239416,-0.7873099890535896
u1,2022-12-20,-1.8295688141328998,-0.08304380272109527
u1,2022-12-27,-1.4471335484413912,-0.5039308701071272
u1,2023-01-03,-1.7117514014006883,-0.012028298476378985
u1,2023-01-10,-1.56095115670995,0.16365094203087444
u1,2023-01-17,-0.967234960019684,-0.5790666171529683
u1,2023-01-24,-1.489887819399204,-0.23734703003965857
u1,2023-01-31,-0.9774681441400848,-0.7126225348794054
u1,2023-02-07,-0.6500359835551113,-0.981247975486667
u1,2023-02-14,-1.9072359448215104,-0.5396546292568847
u1,2023-02-21,-1.569948079142816,0.2938401636900426
u1,2023-02-28,-1.6560665954031304,-0.3360340817991102
u1,2023-03-07,0.3735193463418114,-0.24658036599916205
u1,2023-03-14,-1.3894912350027846,-0.35659474158308274
u1,2023-03-21,-1.4365550715088304,-0.3631463204344201
u1,2023-03-28,-0.5134207930199043,-0.6805320582223344
u1,2023-04-04,-1.2677456015252497,-0.3890734745687124
u1,2023-04-11,-1.6149218700529853,-0.007105309957047612
u1,2023-04-18,-1.641378164137589,0.05028614269242751
u1,2023-04-25,-1.4874505024340683,-0.14080960264254777
u1,2023-05-02,-1.2510306457806482,0.2946465923655664
u1,2023-05-09,-1.8334212841123283,0.1393739470116256
u1,2023-05-16,-1.755109089480323,0.239481904910416
u1,2023-05-23,-1.7003947981979417,-0.16583136822725614
u1,2023-05-30,-1.5440776438330344,0.40245723281674384
u1,2023-06-06,-1.5081036265934884,0.02935611135419025
u1,2023-06-13,-1.4502144328182034,-0.47957906936608996
u1,2023-06-20,-0.4918771567492896,0.047918481321201745
u1,2023-06-27,-0.6484143541998526,-0.5211946033588184
u1,2023-07-04,-0.2685572450904288,-0.4097655683875585
u1,2023-07-11,-0.8998461237855317,-0.4350948674147034
u1,2023-07-18,-0.8613825755217556,-0.5481854692791359
u1,2023-07-25,-0.6107289104978102,-0.4525960721601024
u1,2023-08-01,-0.7026669262457834,-0.15150744012525152
u1,2023-08-08,-0.32717692325154935,-0.7901168453204928
u1,2023-08-15,-1.372665072089374,0.01350554925915795
u1,2023-08-22,-0.16339013646651163,-0.6888346533315822
u1,2023-08-29,-0.632225327972872,-0.3293187543259585
u1,2023-09-05,0.2813083801918139,-0.30321618227603575
u1,2023-09-12,-0.4291371062507937,-0.05469861362992262
u1,2023-09-19,-0.7691703610300313,-0.25310748721240756
u1,2023-09-26,-1.784421197962228,0.2171187026374124
u1,2023-10-03,-1.044863171652442,-0.044198939975088475
u1,2023-10-10,-0.19115786805091214,-0.5697993805906687
u1,2023-10-17,-0.5886131394316709,-0.27337873255812245
u1,2023-10-24,-0.9029002582889332,0.7681444849321599
u1,2023-10-31,-0.012072200213847861,0.6125751449022168
u1,2023-11-07,0.5167393784736988,0.5435522761769699
u1,2023-11-14,-0.6587225680095803,0.7862714652097951
u1,2023-11-21,-0.5576203238630384,0.9500994029509243
u1,2023-11-28,-1.1472119113893007,0.3371793023951659
u1,2023-12-05,-1.1181316821474807,0.7537107048110085
u1,2023-12-12,-1.1349642965587368,-0.21783684574055778
u1,2023-12-19,-0.8510495460684759,0.8979124961768313
u1,2023-12-26,-1.1604119374551398,-0.33938363439001684
u1,2024-01-02,-1.6185963804966044,-0.06273604217079864
u1,2024-01-09,-1.183359040219578,-0.09636416809759545
u1,2024-01-16,-1.2023559404418673,0.778376199906461
u1,2024-01-23,-1.9603926677574022,0.1831971786057589
u1,2024-01-30,-1.2398610040098443,-0.1096891593726645
u1,2024-02-06,-0.771016648577457,-0.7044145613741742
u1,2024-02-13,-1.4411533687774505,-0.8500266243205612
u1,2024-02-20,-1.167431216980913,-0.8748538950888596
u1,2024-02-27,-2.2629855250339634,-0.6738865638401756
u1,2024-03-05,-2.7384528849334036,0.09159666961875695
u1,2024-03-12,-1.0587590116558587,-0.09456291920732672
u1,2024-03-19,-1.2429820187835414,0.11585666979702308
u1,2024-03-26,-2.079325471819419,0.14428452180998236
u1,2024-04-02,-1.6772755090744684,-0.4435818110579113
u1,2024-04-09,-0.9970675681967925,0.1484348417342395
u1,2024-04-16,-2.2321674116362766,-0.3255595346040281
u1,2024-04-23,-0.6661290224823352,-0.6475714745583789
u1,2024-04-30,-0.7375421815956548,-0.9970676352518547
u1,2024-05-07,-0.687495530636508,0.4188575191766263
u1,2024-05-14,-0.26540989646392754,-0.540665054882179
u1,2024-05-21,-0.0521442641148161,-0.5965735276133476
u1,2024-05-28,0.38178414945869055,-0.5039928806257521
u1,2024-06-04,0.49034789950420865,-1.2132820975011445
u1,2024-06-11,0.27806528611826686,-1.3238980614318399
u1,2024-06-18,-0.01824052984058333,-0.7011599912924211
u1,2024-06-25,0.11382863766242601,-0.031771266450729835
u1,2024-07-02,-0.6764832774444698,-0.03559663014074044
u1,2024-07-09,-0.7771047903465651,-0.5870057632170707
u1,2024-07-16,-0.6603581995606995,-0.5717343424248138
u1,2024-07-23,-0.7148202433586288,-0.3722361605263597
u1,2024-07-30,-0.9778674652102727,-0.17252825769364719
u1,2024-08-06,-0.9082749198223501,-0.0691059365840694
u1,2024-08-13,-1.1882669381927171,-0.33642328307366604
u1,2024-08-20,-1.0901585993764586,0.309295504302694
u1,2024-08-27,-0.6091186018350747,0.014428543368442404
u1,2024-09-03,-1.33377440122828,-0.356995654298033
u1,2024-09-10,-1.236510444968825,-0.33486090794595585
u1,2024-09-17,-0.014530338109900065,0.8563597407093552
u1,2024-09-24,-0.8756399597058805,-0.4540495506569405
u1,2024-10-01,-0.9195219829336315,0.4485005858315182
u1,2024-10-08,-0.19126657964010127,-0.5759280432599395
u1,2024-10-15,-0.9459014403170241,-0.2689311990614337
u1,2024-10-22,-1.4336132180275232,0.13224619595632786
u1,2024-10-29,-0.9879441893504918,0.37888590265983546
u1,2024-11-05,-1.2886177665976954,-0.312878866019323
u1,2024-11-12,-0.8268528818859469,0.8265594697210222
u1,2024-11-19,-1.0069935425138743,0.18509213794217727
u1,2024-11-26,-0.6197345683551114,0.04227932147312258
u1,2024-12-03,-0.4016545956896,-0.031257699430543795
u1,2024-12-10,-1.4493872222360484,-0.5805070452813819
u1,2024-12-17,-1.2988491010317844,0.2597052107347219
u1,2024-12-24,-0.806825441772945,0.15233837855545007
u1,2024-12-31,-1.4587887216788555,-0.5405401532263836
u1,2025-01-07,-1.4298999347274866,-0.22710439829960283
u1,2025-01-14,-1.8061870785007432,-0.2297791476720544
u1,2025-01-21,-1.5763423870402369,-0.3052458109618987
u1,2025-01-28,-0.7450360987247165,-0.007035112739084498
u1,2025-02-04,0.048344272853716674,0.32781195431045995
u1,2025-02-11,-0.743206075706643,0.1604036167479354
u1,2025-02-18,-1.3700886417172569,-0.15350582421613726
u1,2025-02-25,-1.208149506827676,-0.09582859706818213
u1,2025-03-04,-1.4385180520508265,-0.5033717007496983
u2,2025-01-07,-0.22637192254711241,-0.005377385276818719
u2,2025-01-14,0.6366474867743719,-0.8671660412351965
u2,2025-01-21,-0.37407170989680244,-0.1112726805251738
u2,2025-01-28,0.4891641477374429,-0.4605266004707233
u2,2025-02-04,2.26962930593887,-0.5580472970290511
u2,2025-02-11,0.9087560007228122,-1.394422705332253
u2,2025-02-18,-0.1094558631024227,-0.2075534532117971
u2,2025-02-25,0.11808685873217045,-0.4284231899725131
u3,2022-06-21,-0.1444875344287105,0.44143964631053645
u3,2022-06-28,0.5480307170594982,0.9752877616299033
u3,2022-07-05,1.644569002089711,-0.1875334412914378
u3,2022-07-12,2.013161062427381,-0.2771532418040449
u3,2022-07-19,0.6642025907835385,0.07615922669333575
u3,2022-07-26,0.3486972722060768,-0.0418069058110635
u3,2022-08-02,0.5252136233385057,-0.33171723836939593
u3,2022-08-09,0.7417898976506436,-0.08163867245940572
u3,2022-08-16,0.46502279508062005,0.6322409261579041
u3,2022-08-23,1.0427220446842709,-0.22384647248916556
u3,2022-08-30,2.7916743462350615,1.374701706001308
u3,2022-09-06,1.4026739195698266,0.4426374467681021
u3,2022-09-13,2.3938861366664153,1.3393046922903702
u3,2022-09-20,2.827543680812794,0.12746547936477054
u3,2022-09-27,1.957513140545799,2.2236026265218283
u3,2022-10-04,3.3850901565134897,0.38806724479812427
u3,2022-10-11,1.6808524668861908,-0.8436467108815047
u3,2022-10-18,2.7213649409368528,-1.2472798441198432
u3,2022-10-25,2.0804744442927623,0.03551767265226735
u3,2022-11-01,2.7675925826833816,-0.38264611332878645
u3,2022-11-08,2.0375885725074387,-0.5216694660790762
u3,2022-11-15,1.868332983586459,0.40812006020820135
u3,2022-11-22,2.403946854662376,-0.7273676183193172
u3,2022-11-29,1.6161337462106735,-0.8107965056861686
u3,2022-12-06,0.28827648451576104,-1.0973819359869807
u3,2022-12-13,2.179334098465167,-1.6989237541006932
u3,2022-12-20,3.1230438564392724,-0.417512767479865
u3,2022-12-27,1.5360893662911546,0.9574841300524651
u3,2023-01-03,0.34324781607017096,0.8034928381073062
u3,2023-01-10,1.634482830625232,-0.9332205136195921
u3,2023-01-17,3.258272760647043,1.220875247179121
u3,2023-01-24,4.026717322865331,1.4229170530844608
u3,2023-01-31,2.357050768038036,-0.21350519839061077
u3,2023-02-07,3.3015614194115956,0.8755144907489688
u3,2023-02-14,2.4242634704421455,-0.9416968743946469
u3,2023-02-21,0.7498877773934673,-0.20894741000936645
u3,2023-02-28,2.1794927058875126,1.0394953626484416
u3,2023-03-07,2.4977397909740984,-0.5061655831237131
u3,2023-03-14,3.0785883573035306,0.7051729903700806
u3,2023-03-21,2.4025059319442494,0.24126243558558946
u3,2023-03-28,1.1372773185681146,-0.43042001340032293
u3,2023-04-04,2.9066166798457944,-1.0827840779231361
u3,2023-04-11,3.2617100143694846,0.2447850509198501
u3,2023-04-18,1.9188671405252515,-0.507513779975314
u3,2023-04-25,1.7710586079993984,0.19536324863071985
u3,2023-05-02,0.4557850725488011,-0.9518460520864866
u3,2023-05-09,3.378855913862396,0.3710998621502569
u3,2023-05-16,0.8819438634170627,-0.6647779322438003
u3,2023-05-23,1.146679825516619,-0.8054767070170346
u3,2023-05-30,1.0392030259707854,-0.9313132006523017
u3,2023-06-06,1.1743430160839428,0.563536720892445
u3,2023-06-13,1.138762536588491,-0.3107366928625213
u3,2023-06-20,0.9082888432783698,-0.34357274998575504
u3,2023-06-27,1.0654029512624876,-1.2210271470303722
u3,2023-07-04,2.5533770668735105,1.2236499102752636
u3,2023-07-11,1.316432081068292,0.013910342659552821
u3,2023-07-18,2.193327544624425,0.2038079959929025
u3,2023-07-25,2.4860954651061795,0.7982831211469211
u3,2023-08-01,1.2777166650338199,0.38390461880922455
u3,2023-08-08,-0.6710061125987057,-0.6647475961623939
u3,2023-08-15,0.20851401627571242,-0.6946029716104642
u3,2023-08-22,1.2468856607231875,-0.408589781227103
u3,2023-08-29,1.8222033764358412,-0.4234228124962153
u3,2023-09-05,3.2204670479141195,0.6805413926361626
u3,2023-09-12,1.6408580607331118,-0.6962059866881114
u3,2023-09-19,0.19037312731779932,0.34615069040776325
u3,2023-09-26,0.6309591490275208,0.46946264249516545
u3,2023-10-03,0.52396645708336,0.797370315320863
u3,2023-10-10,2.05536154125028,-0.2645623898886527
u3,2023-10-17,1.698161724435733,0.677769627620781
u3,2023-10-24,1.7421539350052364,-0.37758331909883003
u3,2023-10-31,2.2286657219724293,1.3070298077084295
u3,2023-11-07,1.798364332245339,-0.2596325605786361
u3,2023-11-14,2.8480313472504766,-0.19637891609520114
u3,2023-11-21,0.7508827717023394,-0.4143465963970443
u3,2023-11-28,1.6169710930418542,-0.23750701283871462
u3,2023-12-05,1.5155774974044935,-0.8705439185107141
u3,2023-12-12,-0.315332962112934,-0.7467151335006789
u3,2023-12-19,0.23478899201371706,0.1195604039050121
u3,2023-12-26,0.6549823030728985,0.7395686792970052
u3,2024-01-02,2.979481714405461,-0.5679418613419944
u3,2024-01-09,1.691921788122131,-0.6333404121585431
u3,2024-01-16,1.374819952438818,-0.9319837728900395
u3,2024-01-23,0.6483533260731963,1.0134147742412956
u3,2024-01-30,1.116482456974876,0.3382729222296522
u3,2024-02-06,1.2385021254463962,0.1491166898250692
u3,2024-02-13,2.0656551841952555,-0.6010023859184344
u3,2024-02-20,2.0093688312898514,-1.1917946676274696
u3,2024-02-27,0.7667473775814742,-0.01686772115972543
u3,2024-03-05,1.3551993480042703,-0.6705045605285203
u3,2024-03-12,0.8365329084447868,-0.6986630354529396
u3,2024-03-19,2.623014447868066,-0.8711693873704114
u3,2024-03-26,1.833589368645526,-1.5928967945881412
u3,2024-04-02,2.0173113453315556,-1.5083835008071214
u3,2024-04-09,1.769137231058529,-0.29459226727902876
u3,2024-04-16,2.7883334203375068,-1.3781766480245716
u3,2024-04-23,1.5952017731324617,-1.1483155893455081
u3,2024-04-30,1.1901119976423498,0.14703899867222453
u3,2024-05-07,2.172844932783898,1.89812445059024
u3,2024-05-14,3.5294699320309855,0.1724447719883347
u3,2024-05-21,2.3458930169618837,0.22172475514364254
u3,2024-05-28,3.658537682358111,-0.3480877820858862
u3,2024-06-04,-0.4652659614119387,-0.38256064559586533
u3,2024-06-11,2.677357893593324,-1.1673307280153549
u3,2024-06-18,3.4581039554948876,0.6629975575115105
u3,2024-06-25,4.063112015876747,2.079383534907659
u3,2024-07-02,1.5545776807298672,1.3409673696397468
u3,2024-07-09,1.292505000818849,0.28816279997089955
u3,2024-07-16,3.334266482183593,2.2390490012616375
u3,2024-07-23,0.24946850475291515,0.2598861891434148
u3,2024-07-30,3.2744339619821363,1.6166217057383765
u3,2024-08-06,1.6511187901671809,0.7902585481073116
u3,2024-08-13,1.298619145673994,0.6948768469380425
u3,2024-08-20,3.1107797789313647,-0.23800135857025295
u3,2024-08-27,1.1893281209796718,-1.2297422885544078
u3,2024-09-03,0.48151722227182525,-0.7355283116424505
u3,2024-09-10,1.7036319458278086,1.0696654593821062
u3,2024-09-17,2.946765933165732,0.3118857221829832
u3,2024-09-24,1.178246086128363,0.3977416865700786
u3,2024-10-01,0.3898299163954402,-0.006205884967657033
u3,2024-10-08,0.8539085869364125,1.2542852574385615
u3,2024-10-15,1.7067585210845286,-0.7104900902952899
u3,2024-10-22,3.200769197358268,0.9744446669407657
u3,2024-10-29,1.048538606162583,0.20236201294144218
u3,2024-11-05,0.9228113491235808,0.5658663361415195
u3,2024-11-12,2.3997531034465003,0.6316475514135306
u3,2024-11-19,3.002751782530307,-0.20684747428568612
u3,2024-11-26,4.078907876722264,-0.023187870832318547
u3,2024-12-03,1.6301920921370132,-0.13836202622887456
u3,2024-12-10,2.043952599409288,0.3835853035301836
u3,2024-12-17,1.5310296863081332,0.03139379605076745
u3,2024-12-24,0.09739924181542425,0.75981988005381
u3,2024-12-31,-0.5381040534968538,0.2374109041398752
u3,2025-01-07,0.9333939097024027,2.7584754317386886
u3,2025-01-14,3.027680410746718,-0.08297696045915648
u3,2025-01-21,3.4975783321250433,-0.09772350995022623
u3,2025-01-28,1.098498971338139,-0.19538866953575265
u3,2025-02-04,0.9432452363207469,-1.0035020479068966
u3,2025-02-11,1.9764103114096234,0.9207729852071956
u3,2025-02-18,0.039200140408666484,1.92877937194564
u3,2025-02-25,0.4338129108645812,1.1542738435199102
u4,2024-11-05,-1.2792948626593201,-0.44685197246285807
u4,2024-11-12,1.5719074830209299,-1.5303248534683882
u4,2024-11-19,1.2050150433229228,-1.3746926837003755
u4,2024-11-26,0.14596766828410007,-0.6195532460788742
u4,2024-12-03,0.3818016892167013,-1.379253462115945
u4,2024-12-10,0.4385653824025678,-1.7100893183145551
u4,2024-12-17,0.7379043195760986,-2.156341741356982
u4,2024-12-24,-1.1252681846056212,-0.3553038843327925
u4,2024-12-31,-0.5468883162290991,-0.8891214712363731
u4,2025-01-07,0.28849003075992163,-1.4252969034611844
u4,2025-01-14,1.5814910287032744,-0.7039514866560533
u4,2025-01-21,0.7788228140072861,-0.8352281765408558
u4,2025-01-28,2.2341466498270552,-2.2376774173472307
u4,2025-02-04,-0.17942329611707886,-0.8167416034601822
u4,2025-02-11,-1.0439973072597901,-0.6390878678033074
u5,2024-11-05,-1.0449555579444416,-0.13336972973232517
u5,2024-11-12,2.0444495282086517,-0.8913276067789568
u5,2024-11-19,1.466567475379196,-1.0160906850210654
u5,2024-11-26,0.41685561037001684,-0.2502744167024279
u5,2024-12-03,0.7177036765893876,-0.9214808574035176
u5,2024-12-10,0.7329745291226044,-1.3085604034795408
u5,2024-12-17,1.008988280542388,-1.7937243587568923
u5,2024-12-24,-0.9249489802126291,-0.08448602616463256
u5,2024-12-31,-0.3342250038299221,-0.5988488450366078
u5,2025-01-07,0.5845695109262617,-1.0303136059828555
u5,2025-01-14,2.17303014324586,0.09348878864400378
u5,2025-01-21,1.1654327028574851,-0.3070571786262918
u5,2025-01-28,2.6605159537887944,-1.659539108450108
u5,2025-02-04,0.21731616667057696,-0.2746311439062751
u5,2025-02-11,-0.7816163405102532,-0.284608985392063
u6,2019-04-30,-0.01611617185604014,-1.1771066346544898
u6,2019-05-07,-0.6667936298453387,-0.7172412625901637
u6,2019-05-14,-0.47191666729128096,-1.0166592358711575
u6,2019-05-21,-0.3198490746578378,-1.247034512013057
u6,2019-05-28,0.9562178748727761,-1.248175912142003
u6,2019-06-04,-0.6006894252358477,-1.0718340378279168
u6,2019-06-11,-0.10038616509403286,-1.4211881585654726
u6,2019-06-18,0.27231964949458265,-1.1508543409095846
u6,2019-06-25,-0.44406886885558294,-0.6164393200999823
u6,2019-07-02,-0.38028359707147463,-0.11332061478410464
u6,2019-07-09,2.0790787268591386,-2.245261192268933
u6,2019-07-16,-0.4295251493080588,-0.20854230279194522
u6,2019-07-23,1.494498418594835,-1.7566301428713755
u6,2019-07-30,3.2273868643334915,-2.4935406119898422
u6,2019-08-06,-0.3641863525507489,-0.9057451095474308
u6,2019-08-13,0.8318575925565106,-1.441411810945715
u6,2019-08-20,-0.5810654471130291,-0.5702930012688279
u6,2019-08-27,0.4393510174666463,-0.49758563407116646
u6,2019-09-03,1.3778699028260728,-1.4460409500501905
u6,2019-09-10,0.1333011570612989,-1.2782543761357887
u6,2019-09-17,0.12482767469481831,-1.0589997423011153
u6,2019-09-24,0.8780098054822203,-1.4422163685906861
u6,2019-10-01,0.7911610220636409,-0.9536911882986984
u6,2019-10-08,-0.9148474761490955,-0.5710474051076597
u6,2019-10-15,-0.2049734116124483,-0.7557715100288201
u6,2019-10-22,0.7983637738136968,-0.9609039932804576
u6,2019-10-29,0.1682557656002347,-0.9749577184503796
u6,2019-11-05,1.673605725041246,-1.0077042647675665
u6,2019-11-12,0.31563820811890364,-0.7460321453429039
u6,2019-11-19,-0.22977446307145521,-0.06810967419342215
u6,2019-11-26,0.2708863663868415,-1.1088886382013234
u6,2019-12-03,0.5363104648889078,-0.16276543606053379
u6,2019-12-10,-0.38308918175506745,-1.1023753771707459
u6,2019-12-17,1.1340109981933777,-1.8973205988094777
u6,2019-12-24,0.6770279775601984,-1.3653634850055223
u6,2019-12-31,0.8323361580961264,-0.6300089083243059
u6,2020-01-07,1.3669148024214017,-1.9035013432193653
u6,2020-01-14,-0.8120876835807174,-0.7068573813775466
u6,2020-01-21,-0.79446956392882,-0.6585702894823302
u6,2020-01-28,-1.028915720832786,-0.6742701900822285
u6,2020-02-04,0.4136791734425803,-1.320785785706974
u6,2020-02-11,0.26667063410270875,-1.0228690289553293
u6,2020-02-18,-0.05197662836372807,-0.5130669504754557
u6,2020-02-25,-0.05465914011042572,-1.492476385541961
u6,2020-03-03,-0.49001848719102636,-1.4741845876828208
u6,2020-03-10,-0.27047305205376054,-0.2549610720004071
u6,2020-03-17,0.12444554130947266,-0.8479999963621904
u6,2020-03-24,-0.5487447387140048,-1.0281039288012503
u6,2020-03-31,-0.5322804138930068,-1.231666808494547
u6,2020-04-07,0.7945250897649241,-1.4319465644902913
u6,2020-04-14,0.7326968898779369,-1.358173923655149
u6,2020-04-21,1.2897179068764075,-2.684760624173421
u6,2020-04-28,-0.9745642479113206,-1.620665033309817
u6,2020-05-05,-1.244807733131588,-0.5292924858775843
u6,2020-05-12,-0.7350298419742649,-1.9744291745156484
u6,2020-05-19,-0.3390024964069425,-0.4877759965708635
u6,2020-05-26,0.3675002340860619,-1.5610804873286601
u6,2020-06-02,1.7572361764678304,-1.6991283602855027
u6,2020-06-09,0.8370129739737904,-0.5702609349943728
u6,2020-06-16,1.4141471930478267,-1.3922006296932756
u6,2020-06-23,0.23054776913727926,-0.16354760178069128
u6,2020-06-30,0.18110159923110436,-0.877461676814291
u6,2020-07-07,0.963393904356934,-0.6610566388291963
u6,2020-07-14,0.27601309803394525,-0.9200554083937951
u6,2020-07-21,0.16452646993086473,-1.0787281353866836
u6,2020-07-28,-0.14325517542175192,-1.1136516761954014
u6,2020-08-04,-0.021860519684376634,-1.066640585989425
u6,2020-08-11,-0.6363311166779368,-0.5378201921909023
u6,2020-08-18,0.47280095772613473,-1.7219337983744816
u6,2020-08-25,0.2635220447587233,-1.0445741741603203
u6,2020-09-01,0.45479256707410576,-0.8393600730451345
u6,2020-09-08,-0.07612619844210616,-1.103398438731479
u6,2020-09-15,-0.33098714033937743,-0.38963554626073105
u6,2020-09-22,0.08465466702104968,-0.9283776483806245
u6,2020-09-29,-0.4527448795933452,-0.672525031375673
u6,2020-10-06,0.047595365813630275,-1.1964811278429193
u6,2020-10-13,-0.7284084649862084,0.14498800534506168
u6,2020-10-20,-0.9330878142880079,-0.9686531480057897
u6,2020-10-27,-0.5744999857689842,-0.802286682331618
u6,2020-11-03,-1.1887340435601952,-0.6644175483783727
u6,2020-11-10,-0.517571479318294,-0.819049355195423
u6,2020-11-17,-1.3704722026583245,-1.1149493226848124
u6,2020-11-24,-1.0106273894533473,-0.3063463375276313
u6,2020-12-01,-0.8856732318932757,-1.0391563635114272
u6,2020-12-08,-0.02027991741563817,-0.8428434115850613
u6,2020-12-15,-0.13645602390787795,-1.330123331384359
u6,2020-12-22,0.019954388943648094,-0.9615657289738427
u6,2020-12-29,-0.8804426677945467,-0.42073904804493256
u6,2021-01-05,0.527205486748902,-0.374618156808668
u6,2021-01-12,-0.31026969969528256,-1.0360280156967545
u6,2021-01-19,0.3420891754439379,-1.3328213532618451
u6,2021-01-26,-0.7625990319625426,-0.40569064072062555
u6,2021-02-02,0.3305359122101955,-0.7138839269249175
u6,2021-02-09,-0.1424546694592301,-1.1663015541747537
u6,2021-02-16,1.178024313204958,-1.7442215069355615
u6,2021-02-23,0.22481123587858332,-1.111552461611025
u6,2021-03-02,0.5864245195940878,-0.8397894364835576
u6,2021-03-09,-0.6517128178536296,-0.4996365072773004
u6,2021-03-16,-0.6175988367967666,-1.1569571709926378
u6,2021-03-23,0.24281337144327364,-1.218166177542006
u6,2021-03-30,0.6683536445386797,-1.4584954714623515
u6,2021-04-06,0.9717996837975209,-0.8932733504091495
u6,2021-04-13,0.26583649420192224,-0.6597499058872938
u6,2021-04-20,-0.23960335007313233,-0.6715444356365089
u6,2021-04-27,0.6701896420596951,-1.4970149864562412
u6,2021-05-04,-0.14423533484158332,-1.052435196172208
u6,2021-05-11,0.22806315490836238,-0.41408975790770386
u6,2021-05-18,0.1328545233619099,-0.8492525993109588
u6,2021-05-25,0.9846906905745412,-1.3455104086544782
u6,2021-06-01,0.22764620421896742,-0.6629528262429896
u6,2021-06-08,0.6660708797851027,-0.9787112689560723
u6,2021-06-15,0.2467703402963093,-0.9852044857379693
u6,2021-06-22,-0.05820727861319991,-0.61411073270107
u6,2021-06-29,1.9318389757230192,-0.7556151918612798
u6,2021-07-06,0.7152966434087291,-0.8995921488384389
u6,2021-07-13,1.8445769451543477,-1.071670662800135
u6,2021-07-20,0.20555341399114513,-1.0693571186304751
u6,2021-07-27,-0.39749868760643337,-0.43820577586171056
u6,2021-08-03,0.7289732077258513,-0.7453590507109479
u6,2021-08-10,-0.4837480046452267,-0.5116591676591689
u6,2021-08-17,0.8706708672423706,-0.906868418796724
u6,2021-08-24,-0.26613398058398396,-0.426799719596082
u6,2021-08-31,0.6811831259361703,-1.2071307963218252
u6,2021-09-07,0.19980660763047386,-0.374521239809429
u6,2021-09-14,-0.23697952351770873,-0.6830426241526161
u6,2021-09-21,-0.7075454088798594,-0.018863764532030702
u6,2021-09-28,-0.14269893445546958,-0.7301301371992378
u6,2021-10-05,-0.256221366468603,0.09500865033904743
u6,2021-10-12,1.2069614647790035,-0.8691121512214147
u6,2021-10-19,-0.2580234979108525,-0.377726291953324
u6,2021-10-26,0.0722669514442228,-0.65915639354211
u6,2021-11-02,0.03709484778599492,-0.26603558966328505
u6,2021-11-09,0.24874545791087588,-0.7950856402516604
u6,2021-11-16,0.20722856308163962,-1.0724992079992828
u6,2021-11-23,-0.20145813583549996,-0.5060032136065544
u6,2021-11-30,0.1703239109997825,-0.7352428594051931
u6,2021-12-07,-0.00972127876964296,-0.9787003056087809
u6,2021-12-14,-0.389154166185277,-0.8120992840543572
u6,2021-12-21,-0.18505867435850623,-0.1419210349880924
u6,2021-12-28,-0.10246854062222546,-0.2469461022508111
u6,2022-01-04,-0.0006275571120044066,-0.16270095364737702
u6,2022-01-11,-0.6146325296304012,-0.7732425953247285
u6,2022-01-18,-0.30635952922891685,-1.161481583555426
u6,2022-01-25,1.9044159099449156,-1.8674932694089978
u6,2022-02-01,0.36690505005428975,-1.1664672484321654
u6,2022-02-08,0.16369924203486919,-1.5578120978071786
u6,2022-02-15,-0.08797116046077544,-1.3531332358121682
u6,2022-02-22,-0.2903684940641921,-0.9434448954853567
u6,2022-03-01,-1.4050702538111906,-0.42285584427594475
u6,2022-03-08,0.1559216870990175,-0.5798009766919912
u6,2022-03-15,-0.3395087049066187,-1.2827773503605688
u6,2022-03-22,0.010832149199878183,-0.8463814385635373
u6,2022-03-29,0.1516801378962082,-1.17264037246427
u6,2022-04-05,0.10702106470607026,-1.4027884296407285
u6,2022-04-12,0.796546816552931,-1.3135174845641782
u6,2022-04-19,1.798659903900671,-1.4000174172174074
u6,2022-04-26,0.6459183963284801,-0.7784552290306712
u6,2022-05-03,-0.048149452077455246,-1.5163798653813036
u6,2022-05-10,-0.515467234761145,-0.7537201568322013
u6,2022-05-17,-0.19167867894176785,-1.0231510251748746
u6,2022-05-24,-0.11144160039917655,-0.9423494061328823
u6,2022-05-31,0.47843167286348565,-1.694310762528079
u6,2022-06-07,0.9995441089361197,-1.2386435230498445
u6,2022-06-14,-0.1487466172780948,-0.5241418760359331
u6,2022-06-21,-1.0175784911831314,-1.14796463660881
u6,2022-06-28,0.39216177107647066,-1.8472935811387896
u6,2022-07-05,-0.21508516599621147,-0.45588084620846864
u6,2022-07-12,0.8147175089635106,-0.9336915724942872
u6,2022-07-19,1.3533913055353806,-1.3621177518636554
u6,2022-07-26,0.0550538090334417,-0.9685966191073883
u6,2022-08-02,0.09790123295486869,-0.623579459138662
u6,2022-08-09,0.1605857591384725,-0.9351925293343704
u6,2022-08-16,-0.49137629671556965,-1.2376619161619242
u6,2022-08-23,0.3951352795450698,-1.0045401238896192
u6,2022-08-30,-0.05014931803136974,-1.5165735539792284
u6,2022-09-06,-0.24855748984597187,-0.4767294430683593
u6,2022-09-13,-0.12021322851830235,-1.2840762667270713
u6,2022-09-20,1.6261272674052363,-0.8882809121578372
u6,2022-09-27,0.894974661965567,-1.528088008022276
u6,2022-10-04,0.7935708191504294,-0.35385819849971145
u6,2022-10-11,0.10104157688212945,0.05514249123323611
u6,2022-10-18,0.11455548224840789,-0.2855966112120172
u6,2022-10-25,0.2042680647382088,-0.0921308759528716
u6,2022-11-01,-0.5649944460963728,-0.8766475794495099
u6,2022-11-08,0.44064580151010035,-0.17723489357147545
u6,2022-11-15,-0.3187499056690144,-0.8590191996369352
u6,2022-11-22,0.09487568792251083,-0.8359321080181625
u6,2022-11-29,1.4139584652430421,-1.012300702822929
u6,2022-12-06,-0.010443637713315024,-0.18945087964995883
u6,2022-12-13,-0.2931649985331368,0.05744524640829446
u6,2022-12-20,-0.5052562376354897,-0.09329155865733665
u6,2022-12-27,1.1046489840011604,-1.3442884422638115
u6,2023-01-03,0.28735621090748176,-0.6243650034842103
u6,2023-01-10,1.6395566782925426,-0.4506134088489099
u6,2023-01-17,0.29844841962143165,-0.9402737482784297
u6,2023-01-24,-0.0862638447835497,-1.0337986805728228
u6,2023-01-31,1.3031086672684147,-0.9730663110745115
u6,2023-02-07,0.047749603734561885,-0.6846778132047714
u6,2023-02-14,-0.14010210144454832,-0.09666368618382537
u6,2023-02-21,0.8746386025396367,-0.8876072037278805
u6,2023-02-28,0.06726820821526758,-1.432374231037588
u6,2023-03-07,0.22903541942124872,-0.9420523121067238
u6,2023-03-14,-0.04066798918140885,-0.26041966771544806
u6,2023-03-21,-0.35271965843247916,-0.19582368671563316
u6,2023-03-28,1.2243912335587415,-0.6484518456570744
u6,2023-04-04,0.9757744809764706,-1.2829548210749073
u6,2023-04-11,-0.016997630823998244,-0.04050810841092639
u6,2023-04-18,-0.3991455703012454,-0.9027592217865436
u6,2023-04-25,0.6526264626872356,-1.7085985535401913
u6,2023-05-02,-0.013691216709803333,-0.5205527800159078
u6,2023-05-09,1.145650425852346,-1.035856359892986
u6,2023-05-16,0.8002916915999811,-1.3266640036850124
u6,2023-05-23,0.2329543982767479,-0.9598657901779135
u6,2023-05-30,0.5832091021308391,-1.1751799411407615
u6,2023-06-06,1.7008599075249875,-0.8331028709758479
u6,2023-06-13,1.780088387317683,-0.8797529767377996
u6,2023-06-20,0.2520364413735098,-1.819676458374611
u6,2023-06-27,0.053917306002249754,-1.059909674409167
u6,2023-07-04,0.28623091606516216,-1.2295249306570915
u6,2023-07-11,-0.2361969362038057,-1.1962393654827341
u6,2023-07-18,0.3123295964588183,-0.7970026777850758
u6,2023-07-25,0.5476029362511146,-0.5935149914350424
u6,2023-08-01,0.030180832671119096,-0.6768000963777059
u6,2023-08-08,0.5123562127142995,-1.1422609186322417
u6,2023-08-15,0.3433515857416616,-0.6130292163627298
u6,2023-08-22,-0.580798635145004,0.1289807245370303
u6,2023-08-29,-0.039451562152657105,-1.1631964649236666
u6,2023-09-05,-0.054226367030460076,-1.050746116814701
u6,2023-09-12,0.4171969609400432,-2.3360437811503196
u6,2023-09-19,0.2167219924819912,-1.9423509192711657
u6,2023-09-26,-0.6258931146633625,-1.1106413396600239
u6,2023-10-03,-0.26658931624139526,-0.8855367373272801
u6,2023-10-10,-0.6151790787831037,-1.0628893693763084
u6,2023-10-17,0.6609104415757451,-0.8625403945368759
u6,2023-10-24,1.1796740754699562,-0.36121836927003625
u6,2023-10-31,-0.08065298266566118,-0.16597054199050365
u6,2023-11-07,-0.08146464902702966,-1.24160798797819
u6,2023-11-14,1.6657337399116212,-0.9051362308912938
u6,2023-11-21,-0.11092798770706647,0.5357137563098777
u6,2023-11-28,-0.04173886594766646,-0.4082567294785271
u6,2023-12-05,0.41651817666837454,-0.5086518514601465
u6,2023-12-12,0.153515962968436,-0.17607228892772786
u6,2023-12-19,-0.2399762351914806,-0.7233966642798728
u6,2023-12-26,1.4121072440184956,-1.2644405996488595
u6,2024-01-02,0.17036580543188806,-1.3346235752117788
u6,2024-01-09,0.3521539004259757,-0.5956177109317631
u6,2024-01-16,1.4090940797771478,-1.8004745906478576
u6,2024-01-23,-0.1919723495706383,-0.7276443150992697
u6,2024-01-30,-0.9584574243417088,-0.935191513729921
u6,2024-02-06,0.7864589058124427,-0.6807236462167875
u6,2024-02-13,-0.677526411761527,-1.2945679668054328
u6,2024-02-20,0.43305436022108545,-1.3886300706793895
u6,2024-02-27,0.83566378315328,-1.538086901615027
u6,2024-03-05,1.1572525979635928,-0.458795929301761
u6,2024-03-12,0.3180882489739164,-1.0936538112193026
u6,2024-03-19,0.05808171048881816,-0.4635463369573063
u6,2024-03-26,1.9892763730157061,-1.103845800136599
u6,2024-04-02,-1.069647675954823,-1.1392093562806358
u6,2024-04-09,2.307001317026593,-2.238766990036765
u6,2024-04-16,-0.39662569680350507,-1.199267656621899
u6,2024-04-23,0.979233252184855,-1.4180060035882032
u6,2024-04-30,-0.2663223011825188,-0.5591156061249347
u6,2024-05-07,1.2046443174378771,-0.812031281516108
u6,2024-05-14,0.8928930251479152,-2.207505391397693
u6,2024-05-21,1.637601740311584,-1.1286083088403562
u6,2024-05-28,0.2250110240566071,-1.0673553790080712
u6,2024-06-04,-0.5228100620594309,-1.3991298154330116
u6,2024-06-11,0.1134104887626265,-1.322954480795786
u6,2024-06-18,-1.2106594021618584,-0.4024204427054695
u6,2024-06-25,-1.6528006713688148,-1.4561482119585314
u6,2024-07-02,-1.1249914844714237,-1.2881810835555152
u6,2024-07-09,2.05759293801542,-2.428309060931612
u6,2024-07-16,1.1200267510884985,-1.4162491930584569
u6,2024-07-23,0.09129332014241803,-0.8382661439573719
u6,2024-07-30,0.1929575575580168,-0.8247892600122755
u6,2024-08-06,-0.09323059612136994,-0.8791072867858204
u6,2024-08-13,-0.8693763291040142,-1.0529728178937838
u6,2024-08-20,-0.1206365411625642,-0.9038898523117974
u6,2024-08-27,0.11935227558875827,-0.4760403942555169
u6,2024-09-03,0.2020080389040272,-0.8302468993875987
u6,2024-09-10,-1.9383180160804587,-1.4517501420057228
u6,2024-09-17,-0.19130639718541473,-1.284311198207131
u6,2024-09-24,0.5340872213848726,-1.6194700608823256
u6,2024-10-01,0.052655203402416584,-1.0239346490564072
u6,2024-10-08,0.4911048946608493,-0.6270239411862774
u6,2024-10-15,-0.05240725827537046,-0.7848402962121219
u6,2024-10-22,-1.1710460129669022,-1.1888920470374122
u6,2024-10-29,-0.19380655800598262,-1.5700006666615969
u6,2024-11-05,0.8877079655267162,-0.36801607868123676
u6,2024-11-12,-0.21662871165435926,0.39032803144903283
u6,2024-11-19,0.9796363860467547,-0.7964099661585846
u6,2024-11-26,1.0178818492212798,-1.3312377385903371
u6,2024-12-03,15.426934019439383,-9.561522916200714
u6,2024-12-10,-0.5653673722725053,-1.222337728820218
u6,2024-12-17,-0.7214773786356006,-0.8817139553361478
u6,2024-12-24,-0.42976074192939623,-1.054876617546472
u6,2024-12-31,-0.2732438624714513,-0.9211122319373327
u6,2025-01-07,-0.7705334621908871,-1.1611141122219357
u6,2025-01-14,0.5168276407178279,-1.0523442971405281
u6,2025-01-21,-0.8168710258833569,-1.1155997386664553
u6,2025-01-28,1.5516678149716543,-0.6585784293139112
u6,2025-02-04,1.455201179454444,-1.1543076515360986
u6,2025-02-11,-0.17280182027505192,-0.3570762375500921
u7,2022-11-22,0.21307164976580362,-0.4720048360281161
u7,2022-11-29,-1.1359342311089882,-0.3639059414881499
u7,2022-12-06,-1.044230117862079,-0.2636577322965656
u7,2022-12-13,-0.9557112047920271,-0.036973356840665966
u7,2022-12-20,-1.110534821776516,0.030254751141924774
u7,2022-12-27,-1.2368577630940334,0.05156015769068062
u7,2023-01-03,-0.6329795684565629,-0.8341687613448096
u7,2023-01-10,-0.28180277975332135,-0.9487009294867081
u7,2023-01-17,1.9162117097604066,-1.6019517299742607
u7,2023-01-24,-1.5977883349473219,-0.6717598302516219
u7,2023-01-31,0.7233500788701603,-0.7889099482487236
u7,2023-02-07,-0.9414272776382755,-0.48869634679165336
u7,2023-02-14,-0.3161708231782159,0.2170584936832896
u7,2023-02-21,-0.23249308391946055,-1.3050898255461219
u7,2023-02-28,-0.8447908151955931,-0.8534878926324275
u7,2023-03-07,-0.536321484085271,-0.5710740416246127
u7,2023-03-14,1.5393416149343038,-0.5335812310445884
u7,2023-03-21,-0.9747740586973539,-0.1620390729348652
u7,2023-03-28,0.11197602070711116,-1.8066685291064282
u7,2023-04-04,-0.15678454203878978,0.029731531395016886
u7,2023-04-11,-0.18403491851645154,0.4416650194895376
u7,2023-04-18,-1.243343796860127,-1.421554839819498
u7,2023-04-25,-1.5648664235379548,-0.6002242769383305
u7,2023-05-02,-0.9271512683684977,-0.9298506706044232
u7,2023-05-09,-0.586731151889208,-0.33483420761811233
u7,2023-05-16,7.083893519129205,-4.02699157893586
u7,2023-05-23,0.11063486171019626,-1.0943327274932932
u7,2023-05-30,0.08328961194941759,-0.8246895012884717
u7,2023-06-06,-0.898323616009963,-0.6884069886183859
u7,2023-06-13,1.0508992215618878,-0.46544634956113523
u7,2023-06-20,-0.9989153825748052,0.8470905440802329
u7,2023-06-27,-0.6391362214188399,0.23958781232093684
u7,2023-07-04,0.13375908996917063,0.2052015879787497
u7,2023-07-11,-1.0942220438947172,-0.3506791099609557
u7,2023-07-18,-0.8980421436005286,-0.2124814342505002
u7,2023-07-25,-0.7392874893506917,0.28991547322374767
u7,2023-08-01,0.41115232479383634,0.9660377280250564
u7,2023-08-08,1.0028477948922787,-0.7640594055794767
u7,2023-08-15,-0.9372695824677394,0.2562039508995581
u7,2023-08-22,-0.01430402778899309,-0.579753783153379
u7,2023-08-29,0.270807999824928,0.1874904926824788
u7,2023-09-05,-0.4449915284139201,0.10422134331294897
u7,2023-09-12,0.8282111201870554,-0.9756856019456353
u7,2023-09-19,-0.880403361064577,0.2175331326234295
u7,2023-09-26,0.013720009054743132,0.1944308451585502
u7,2023-10-03,-1.0359659064885873,-0.1798351237848381
u7,2023-10-10,-1.0017547526551622,-0.4131622458099189
u7,2023-10-17,-0.5315040244347257,-0.3461721724726101
u7,2023-10-24,-0.7154751847759552,-1.0173218743239127
u7,2023-10-31,-0.31555965185837526,-0.5763434947927318
u7,2023-11-07,-0.585837331044113,-0.866665915973342
u7,2023-11-14,-0.8122560769507268,-0.6312301749991849
u7,2023-11-21,-1.0162660950126412,-0.7100424421188685
u7,2023-11-28,-1.4199452974665023,-0.8999168006274754
u7,2023-12-05,-0.06200535734854734,-2.001468863547079
u7,2023-12-12,-1.3835787980246395,-0.49250604189647035
u7,2023-12-19,-1.4902459091101143,0.055530935732871656
u7,2023-12-26,-1.1285506260944582,-0.7898852551273686
u7,2024-01-02,-1.0947628235600575,-0.9884051244184755
u7,2024-01-09,-0.6563756338262212,-0.5079266785430232
u7,2024-01-16,-0.8207051611313463,-0.7351584626216328
u7,2024-01-23,-0.7742330931903305,-0.36743257031244336
u7,2024-01-30,-1.1448080762247979,-0.1764696652702495
u7,2024-02-06,-0.9897760118261695,-0.7664162219593955
u7,2024-02-13,-1.3531384205576176,-0.1401433711717348
u7,2024-02-20,-1.258942799516566,-0.34786438606983844
u7,2024-02-27,-1.6198716016405987,-0.7663474950715982
u7,2024-03-05,-1.4285698025539366,-0.45350237085616335
u7,2024-03-12,-0.5109129922989412,-0.7874802558172583
u7,2024-03-19,-1.3839215408956413,-0.3956181732893373
u7,2024-03-26,-0.7070130122281906,-0.49267836123054803
u7,2024-04-02,-1.5196540257684374,0.18615366019723772
u7,2024-04-09,-1.5593791405759347,-0.24917321052867036
u7,2024-04-16,-1.4005226383313698,0.16145571748267457
u7,2024-04-23,-1.7487577133149879,-0.24014555464652684
u7,2024-04-30,-0.8861415088613395,-0.6385133753929837
u7,2024-05-07,-1.3401754467380431,-0.36156782059771425
u7,2024-05-14,-1.523839412252609,0.5327243846324612
u7,2024-05-21,-1.2148435226322487,0.047627044594489604
u7,2024-05-28,-0.09980116305054912,-0.9698338979607121
u7,2024-06-04,-1.2014498441542467,0.17497368741009828
u7,2024-06-11,-1.1397742383730254,-0.5766232183680916
u7,2024-06-18,-0.7830803313089606,-0.9722867382118064
u7,2024-06-25,-1.499359361452516,0.2388272872143084
u7,2024-07-02,-1.3218987383466452,-0.7877363690626968
u7,2024-07-09,-1.18330591563084,-0.43047065387544653
u7,2024-07-16,-1.1369247557974995,-0.12268554313189695
u7,2024-07-23,-1.3316407180832015,0.6124205029256866
u7,2024-07-30,-1.0946334531742048,-0.5346165828243123
u7,2024-08-06,-1.5255282804590242,-0.6008377652641005
u7,2024-08-13,-1.3739448744469405,-0.13654548656651677
u7,2024-08-20,-1.4928987090502055,-0.5783050786500328
u7,2024-08-27,-0.91734334809449,-0.25818574139269035
u7,2024-09-03,-1.3462262658773296,0.6489954238064398
u7,2024-09-10,-1.1862046708616574,-0.5048343841598135
u7,2024-09-17,-1.193227044672685,0.39627078062177645
u7,2024-09-24,-0.5130529318764896,-0.5002738126002866
u7,2024-10-01,-1.570644160637351,-0.6679608901970719
u7,2024-10-08,-0.8696538737554638,-0.5017680005853038
u7,2024-10-15,-1.5936501898096689,-0.5566114237080813
u7,2024-10-22,-1.1671514004881836,-0.5470379227043534
u7,2024-10-29,-1.4433603032684934,-0.5381562663019576
u7,2024-11-05,-1.2032866480495361,0.17339783371943301
u7,2024-11-12,-1.0923214617866643,-0.6303003877473475
u7,2024-11-19,-0.9294858934662107,-0.6660477746008097
u7,2024-11-26,-1.2744150480822811,-0.810751372989372
u7,2024-12-03,-1.3975785318646032,-0.22790718712644706
u7,2024-12-10,-0.04085071782731775,-0.5945782818040026
u7,2024-12-17,-0.9592902159439822,-0.195802304653059
u7,2024-12-24,-0.8873161580766875,-0.49906558292457487
u7,2024-12-31,-0.8235449611070617,-0.6863010091916113
u7,2025-01-07,-0.2705647828334188,-0.7604307364314551
u7,2025-01-14,0.1098337917056264,-1.2439794158470754
u7,2025-01-21,-0.978743175000504,-0.6028045867844154
u7,2025-01-28,-0.4882251299445044,-0.7233564724945947
u7,2025-02-04,-0.1898380249686628,0.11127683580773451
u7,2025-02-11,-0.9106076270618375,0.02873115579712021
u8,2021-06-22,0.6658085882177234,-0.7014883818326791
u8,2021-06-29,-0.40917517375051193,-0.2856370617591734
u8,2021-07-06,-0.5884031152967206,0.37581565411102613
u8,2021-07-13,-1.2307520606755982,0.476913547546738
u8,2021-07-20,0.06796975029609859,0.2047503737222754
u8,2021-07-27,-1.0096612678700778,0.5000209195131721
u8,2021-08-03,-0.9692176929281671,-0.7659186940692593
u8,2021-08-10,-1.5738198161967611,1.2172470293880968
u8,2021-08-17,-0.6837323358774858,-0.26107769895546196
u8,2021-08-24,-0.23000973678149872,-0.12420147089048425
u8,2021-08-31,-0.2904323398958046,1.6316888262644023
u8,2021-09-07,-0.4954577355384181,-0.15889261223081347
u8,2021-09-14,-0.7656237424102649,-0.28994150125552076
u8,2021-09-21,0.22776275815692892,-0.6262291155126454
u8,2021-09-28,-0.4883075502006118,-0.10097211211122292
u8,2021-10-05,-0.5497074229298157,-0.3443967271890222
u8,2021-10-12,-1.2311007614679577,1.0932975746978624
u8,2021-10-19,-1.0004924379054208,0.9120287005538369
u8,2021-10-26,0.9798174705926723,2.950155053544605
u8,2021-11-02,1.5133917884353618,1.1180938139299164
u8,2021-11-09,0.3741316203574525,1.6366859186829714
u8,2021-11-16,-0.9081979060191716,0.6243764765678834
u8,2021-11-23,-0.030836297064871676,2.8989570918972856
u8,2021-11-30,1.0151404237072548,2.401599372270094
u8,2021-12-07,0.6620070079302868,1.7106225064695488
u8,2021-12-14,1.5074877647330245,2.791092719724321
u8,2021-12-21,1.5661294260746668,1.3742310709590098
u8,2021-12-28,0.8181392284277835,2.810801204348707
u8,2022-01-04,0.41796142444905615,1.5833064889637685
u8,2022-01-11,0.5359697211214602,1.2595930561909716
u8,2022-01-18,0.04239435448782369,1.2202397049254512
u8,2022-01-25,0.4975890040590524,1.2023173184468936
u8,2022-02-01,1.1179865714412558,1.9534691509565199
u8,2022-02-08,1.3046020745322056,1.7537102801391304
u8,2022-02-15,2.004702876269694,1.743885759566513
u8,2022-02-22,0.8050037882199157,1.5070452877975384
u8,2022-03-01,1.2318427434223038,2.2778850252741867
u8,2022-03-08,0.8020614978391649,1.6161881067487802
u8,2022-03-15,1.863807234034291,1.8511987565937202
u8,2022-03-22,0.26230542222248576,1.0597122536879136
u8,2022-03-29,0.7531617332749825,1.9645542190586247
u8,2022-04-05,1.2330903640546536,0.9593906778079818
u8,2022-04-12,0.2745313773613851,1.7050526077405719
u8,2022-04-19,0.17735396796238534,0.585504595017786
u8,2022-04-26,0.9451181428793052,1.702211020342006
u8,2022-05-03,0.5883964710314591,1.906016662870114
u8,2022-05-10,2.536670789878578,2.957149681629782
u8,2022-05-17,1.3862957778891831,1.1406035123638674
u8,2022-05-24,1.3304807155053957,1.0387711114842424
u8,2022-05-31,0.9468402363499666,1.9715897096393586
u8,2022-06-07,1.808938376203963,1.8907055730434434
u8,2022-06-14,-0.15581407562415225,1.8151887486373424
u8,2022-06-21,0.10780344148434251,1.7528466241717857
u8,2022-06-28,0.5771296531432167,1.757745944567215
u8,2022-07-05,0.3084263669936216,1.6593976562512585
u8,2022-07-12,0.36753411461868113,1.8340444099261926
u8,2022-07-19,0.771465742573815,1.0311508281589368
u8,2022-07-26,0.12359628460393984,0.7214572657696906
u8,2022-08-02,-0.07602714646757447,0.9742795546448025
u8,2022-08-09,-0.5001997414372056,0.07564001245327745
u8,2022-08-16,0.2523488877824077,1.2095490612885071
u8,2022-08-23,-0.30685013387974747,1.0446346241314428
u8,2022-08-30,-0.02867098579145866,1.5620227374398037
u8,2022-09-06,0.7286357607653702,2.3930069683311905
u8,2022-09-13,1.9462388917378601,1.5154348208126907
u8,2022-09-20,-0.22289551259092255,1.3548139406544877
u8,2022-09-27,-0.2540191702002939,1.2611340830493027
u8,2022-10-04,-0.575664473783205,1.147823977977628
u8,2022-10-11,0.1537322888479033,1.0044832491482518
u8,2022-10-18,-0.12205666576554258,1.071185823911303
u8,2022-10-25,-0.05252887239992976,1.2745025520961581
u8,2022-11-01,-0.5262870274738267,0.9815856814796126
u8,2022-11-08,-0.2068345054600779,1.1789563228696083
u8,2022-11-15,-0.23751568698288242,0.6066760449885082
u8,2022-11-22,0.19904549716178244,1.3423538707585543
u8,2022-11-29,-0.7398861190697732,0.6598832756744182
u8,2022-12-06,0.6324190955972547,1.4562381786499707
u8,2022-12-13,0.25029644426193,1.792962665494139
u8,2022-12-20,0.8634142993183502,2.176225517667278
u8,2022-12-27,0.34544553237732756,1.1861480112565448
u8,2023-01-03,-0.21687444760932323,1.0047799426412292
u8,2023-01-10,-1.2145896161435497,-0.056854149349753344
u8,2023-01-17,-0.042549037327430095,1.3259367991192281
u8,2023-01-24,0.02106947619094257,1.279447905138806
u8,2023-01-31,0.8710244530161,1.72066971520138
u8,2023-02-07,0.8619113041962725,2.421697387060757
u8,2023-02-14,-0.4011871850281692,2.2299033441088536
u8,2023-02-21,-0.7380321518292459,0.6076209099070803
u8,2023-02-28,0.11066352436435628,0.7177238983352237
u8,2023-03-07,-0.13946790674830187,1.6317519749297746
u8,2023-03-14,-0.5039549940175784,0.5971371797279525
u8,2023-03-21,0.4723937528353719,0.7300022508003647
u8,2023-03-28,1.0373029237040023,0.8273479693283875
u8,2023-04-04,-1.0420345271086204,1.6717771691221435
u8,2023-04-11,0.029941619289625743,1.819531106501263
u8,2023-04-18,-0.09995729799409117,1.4688041278813282
u8,2023-04-25,-0.019455528378581832,2.3092634226406723
u8,2023-05-02,-0.4269230153798787,1.8632017641503338
u8,2023-05-09,0.357611658761397,2.8142029636863453
u8,2023-05-16,0.5136444327619372,0.5627385959713863
u8,2023-05-23,0.19103853378494928,2.0215952918660096
u8,2023-05-30,0.13124591767194493,1.4942971878894133
u8,2023-06-06,-1.2678276436567573,0.5347128371082887
u8,2023-06-13,0.19967597985571128,1.5207939984261332
u8,2023-06-20,0.2098470738124708,1.5972743722285676
u8,2023-06-27,0.39970739128601673,2.0250321135822986
u8,2023-07-04,1.5587338793819525,2.9567192796040285
u8,2023-07-11,0.9020398284841586,4.1548089501009295
u8,2023-07-18,-0.0963078510738557,1.7942234483209476
u8,2023-07-25,0.7518107035048238,1.230093447771249
u8,2023-08-01,-0.4232217578965593,0.8562731895640993
u8,2023-08-08,1.1214678296264464,1.8910267914478416
u8,2023-08-15,0.1474851763850792,2.13956772195896
u8,2023-08-22,-0.29931517715517664,0.826612471742248
u8,2023-08-29,-0.009174435012711701,0.6518645564004422
u8,2023-09-05,0.3926616230438055,1.752908991372577
u8,2023-09-12,0.03055597419450068,2.2775411078353875
u8,2023-09-19,-0.865139377616941,0.8956487802878571
u8,2023-09-26,-0.2592766181214614,1.3781789103580153
u8,2023-10-03,-0.460753288673188,1.2573103133087065
u8,2023-10-10,0.5723335398434704,2.2794671886425015
u8,2023-10-17,0.057734536236186795,1.877635951588784
u8,2023-10-24,0.19430127006752085,0.7735119951665187
u8,2023-10-31,-0.040848086473493694,1.6537244518443486
u8,2023-11-07,0.9123350140848105,1.9876599577280611
u8,2023-11-14,0.7160644939569496,2.1907125297522394
u8,2023-11-21,0.6062537318224227,0.8214649422793533
u8,2023-11-28,0.737183507214189,1.0684552769820423
u8,2023-12-05,0.7305836482758103,0.7568507863316425
u8,2023-12-12,0.35973092670564,1.2390564793110515
u8,2023-12-19,0.3837889249831554,0.8358052499233456
u8,2023-12-26,0.2771897651536088,0.8781718844926588
u8,2024-01-02,0.7736755171818317,0.6235173960359092
u8,2024-01-09,0.8469940131750864,1.1431873531852808
u8,2024-01-16,0.009401679044502786,0.5353161594276901
u8,2024-01-23,-0.09453964442560248,1.4421274490128018
u8,2024-01-30,-0.25233873154529685,0.8241843775712091
u8,2024-02-06,-0.4429780966977839,0.691278039289698
u8,2024-02-13,0.20543961701600288,1.048334979202295
u8,2024-02-20,0.6056637912075697,1.0321745830858706
u8,2024-02-27,0.8870239616087265,1.3225086560379813
u8,2024-03-05,0.6019490629651315,1.207916192974261
u8,2024-03-12,-0.6402079228477284,0.992219423862548
u8,2024-03-19,0.21207888657572105,1.8468895282006126
u8,2024-03-26,-0.5622051621177007,1.53213691687333
u8,2024-04-02,0.1750901623152954,1.2472189700688938
u8,2024-04-09,0.4577698657466196,1.2703727495640993
u8,2024-04-16,-0.039056020816114256,1.6212254467569038
u8,2024-04-23,-0.5351799553254974,2.0720782207048467
u8,2024-04-30,1.0018846966432768,1.4811439857859305
u8,2024-05-07,0.8537991415202142,1.8654072237211943
u8,2024-05-14,1.2783096608503843,3.173338232471612
u8,2024-05-21,0.14409654125711796,2.039123877404114
u8,2024-05-28,2.319173431453212,1.3530385077221294
u8,2024-06-04,1.131670126579766,1.9754821044187882
u8,2024-06-11,0.48383477191908153,1.1412905726584457
u8,2024-06-18,0.4817008208107201,1.9779590886970766
u8,2024-06-25,0.6882067900914048,2.2876524595887724
u8,2024-07-02,2.0362251977389154,1.233497026895868
u8,2024-07-09,0.27130945690902786,1.456606274081472
u8,2024-07-16,0.7695196962585835,2.225276020339942
u8,2024-07-23,1.132513061883513,2.130826498569356
u8,2024-07-30,1.247591407784415,1.4046873972414393
u8,2024-08-06,0.5615640124889716,1.9441425851836076
u8,2024-08-13,-1.0555456965449403,0.046436835716996666
u8,2024-08-20,-0.4171700776957397,2.102819106804005
u8,2024-08-27,0.529369960273794,2.408146004152669
u8,2024-09-03,0.16178323063540584,1.149427313901143
u8,2024-09-10,0.5172469659210976,1.3262002428189357
u8,2024-09-17,0.85073352924108,1.347695729584781
u8,2024-09-24,0.48936596883492933,1.3544079834414489
u8,2024-10-01,0.3509109671011903,1.917992494905985
u8,2024-10-08,0.5721586895338986,3.8704815416757077
u8,2024-10-15,0.8274109579697344,2.2682845914844867
u8,2024-10-22,1.0743379859794746,2.737075737802281
u8,2024-10-29,0.8454938403062293,1.0927756328166525
u8,2024-11-05,1.1384656004878748,2.7368394764386084
u8,2024-11-12,1.0396176198754723,1.1546113403087275
u8,2024-11-19,1.15028977909703,2.4985592959246965
u8,2024-11-26,0.3612584566132241,2.226786979617311
u8,2024-12-03,0.9764120027377394,2.105454643108824
u8,2024-12-10,0.5848458725689197,1.3873518532533704
u8,2024-12-17,0.5200121024204312,2.908495893199287
u8,2024-12-24,1.7652744281585755,0.7524702807755201
u8,2024-12-31,2.4262721443385717,1.6829871688986184
u8,2025-01-07,1.5275570616626466,2.6129399034144853
u8,2025-01-14,2.268638994303266,2.7280393422391764
u8,2025-01-21,1.719331583008545,2.877644725570126
u8,2025-01-28,2.2105422862955684,3.432360249178009
u8,2025-02-04,3.2420958476050323,2.733640556174233
u8,2025-02-11,0.9839244312504631,1.4532569235141213
u8,2028-02-08,-2.2230023779491734,-1.167506461417311
u9,2018-10-30,-0.9145871437957205,1.5802239430909055
u9,2018-11-06,-0.9298217263368768,1.357811406910363
u9,2018-11-13,-1.085802202741569,1.2876242016879695
u9,2018-11-20,-1.193609987655524,0.3040081324933858
u9,2018-11-27,-1.3951474966625668,0.8280220999316511
u9,2018-12-04,-1.4768265848020001,1.4407490677136883
u9,2018-12-11,-1.2346405765112758,2.860809833189941
u9,2018-12-18,0.020895748600777864,-0.22407316666442684
u9,2018-12-25,1.000557061234953,0.991441329227828
u9,2019-01-01,-0.20667143630595655,0.6284954282120372
u9,2019-01-08,-0.8587726744111431,1.4368208704682734
u9,2019-01-15,-0.8544288239750408,0.8422156398380852
u9,2019-01-22,-0.07842387795841355,1.4810334042506854
u9,2019-01-29,-1.4757174403178464,0.5272392725832787
u9,2019-02-05,-1.1176939264260093,1.1939309808562624
u9,2019-02-12,0.9787277250098563,-0.0654062372453864
u9,2019-02-19,-1.1017132803639134,0.41974269135329356
u9,2019-02-26,-1.6714954702026241,0.45374459361781805
u9,2019-03-05,-1.1309928193783154,0.47340396850141875
u9,2019-07-23,-0.8637194418086339,0.4690599866545092
u9,2019-07-30,-1.2360429046557266,1.4150681272531411
u9,2019-08-06,-1.1013506078483397,0.9069105826362839
u9,2019-08-13,-1.042348298725088,1.4564350918508957
u9,2019-08-20,-1.5714187508543576,1.0831362787571774
u9,2019-08-27,-1.1335036608881146,1.5618638366471118
u9,2019-09-03,-1.5628212060291304,1.4590648241847348
u9,2019-09-10,-1.4185423103734727,0.3061409400644839
u9,2019-09-17,-1.7441748661888792,1.3091573536351726
u9,2019-09-24,-1.0515590302088311,1.527183047514768
u9,2019-10-01,-1.173490056895265,1.3728938091658232
u9,2019-10-08,5.717246835021433,9.74385001060598
u9,2019-10-15,-1.3799868882148858,0.7537735643265632
u9,2019-10-22,-0.6103236274569188,2.262796182150941
u9,2019-10-29,0.3718597148083097,0.6588656320938658
u9,2019-11-05,-1.2371757550318696,0.4560751118941966
u9,2019-11-12,-1.5914492530017272,1.455275881665807
u9,2019-11-19,0.7807019001894442,1.2567833847926084
u9,2019-11-26,0.06331215840500476,0.3260150111493775
u9,2019-12-03,0.6151032111792302,0.9342444296040443
u9,2019-12-10,-0.33408919742973175,0.08167340807479062
u9,2019-12-17,-0.16301969757016477,2.2271187166288824
u9,2019-12-24,0.6093510119800697,1.4203392266251855
u9,2019-12-31,1.3201656670963817,2.0050813226594273
u9,2020-01-07,-0.809973263191075,0.9047480898529473
u9,2020-01-14,-0.6500879730174502,0.7222845691271318
u9,2020-01-21,-1.0003727447704702,1.0843587070578558
u9,2020-01-28,-0.8851475619141984,0.31971191851308667
u9,2020-02-04,-0.4998533209357555,1.0692915741817943
u9,2020-02-11,-0.5492174350464407,0.6189622209892013
u9,2020-02-18,-0.33225821027270613,0.14814149047427633
u9,2020-02-25,0.5670639619707969,2.030347318351987
u9,2020-03-03,-0.2952623666029734,0.8061221446175358
u9,2020-03-10,-0.3820283983742815,1.8472981029126117
u9,2020-03-17,-0.7211724908715353,0.06648638534152043
u9,2020-03-24,-1.5221821454328452,-0.10008013607982179
u9,2020-03-31,-0.6755076618818576,-0.4964160633023115
u9,2020-04-07,0.18479336400277802,0.2171861979725337
u9,2020-04-14,0.06238295036866942,-0.21487455567638436
u9,2020-04-21,0.249360960302198,-0.3441771063681365
u9,2020-04-28,0.30735151320465615,0.7456519967157048
u9,2020-05-05,0.147835250724619,-0.6751584300567177
u9,2020-05-12,-0.46742984579702446,0.5558669151105178
u9,2020-05-19,-1.0523417956554066,0.8514836642780227
u9,2020-05-26,0.044636254307642065,0.6768059396367088
u9,2020-06-02,0.8942093456290443,0.6142385659810947
u9,2020-06-09,0.26278589467674995,0.7010017589033057
u9,2020-06-16,-0.25513607588746307,0.5442528918379117
u9,2020-06-23,-0.4162520909221135,1.1348311983079022
u9,2020-06-30,-0.4025303682631237,1.1420980918200647
u9,2020-07-07,-0.359460017964895,0.229013510758813
u9,2020-07-14,-0.6101432841100403,0.7178221549214395
u9,2020-07-21,0.06643586777288751,0.9839686584606165
u9,2020-07-28,-0.5447865460111567,0.9741915787017575
u9,2020-08-04,0.003173585227779052,1.5057225245132964
u9,2020-08-11,-0.47466198283297845,1.008896858213681
u9,2020-08-18,-0.429313447694611,0.33626446420292877
u9,2020-08-25,0.36403549225185416,1.719422973415448
u9,2020-09-01,0.7294119967278274,1.3775635693447392
u9,2020-09-08,-0.16249129452544842,0.2825928388338598
u9,2020-09-15,-0.2944877011893036,0.5798631065088349
u9,2020-09-22,-0.2031303562424157,-0.16184519339832704
u9,2020-09-29,0.32017449666569364,1.0122216753985787
u9,2020-10-06,-0.7484746751488787,1.396485365790332
u9,2020-10-13,-0.386478902985658,0.1096937949702812
u9,2020-10-20,-0.26968029983420516,0.1689274320601531
u9,2020-10-27,-0.9719439044357768,0.8473391104270528
u9,2020-11-03,-0.07833973349300244,0.23994803665314984
u9,2020-11-10,0.17711343830071702,2.1214484967348075
u9,2020-11-17,-0.7156619613263742,0.6216739017959402
u9,2020-11-24,-1.1849106001111571,0.9400703856949327
u9,2020-12-01,-0.7422724761508173,0.35654157066150793
u9,2020-12-08,-0.6531236519607211,0.7319507381479956
u9,2020-12-15,-0.8013100299660645,0.2319138686763007
u9,2020-12-22,-1.0542134259707154,0.4096354315350216
u9,2020-12-29,0.652640804017232,0.21731749463168232
u9,2021-01-05,-0.8686704474864639,0.42125808281559196
u9,2021-01-12,-0.5977152816415205,0.7708139344623991
u9,2021-01-19,-0.27778945994014614,0.1267276882231173
u9,2021-01-26,-0.267330663638471,0.8118105675271184
u9,2021-02-02,-0.10512276304487639,0.6799091595356229
u9,2021-02-09,-0.15806073568117449,0.5556367435825372
u9,2021-02-16,-0.3306553661926042,0.8608079796012579
u9,2021-02-23,-0.4354944309141531,1.5245035213067908
u9,2021-03-02,-0.4223326599945953,-0.17809236833819334
u9,2021-03-09,-0.6295919220636006,0.5243507688504498
u9,2021-03-16,-0.4478177960264894,-0.29746818525521435
u9,2021-03-23,-0.569109884711856,0.06607168187475218
u9,2021-03-30,0.7842809404100377,0.4654080775684398
u9,2021-04-06,-0.14636985708902106,0.19993586414001419
u9,2021-04-13,-0.11265718090006768,0.6597543843959797
u9,2021-04-20,-0.6747251210569638,0.3269854686911915
u9,2021-04-27,-0.7330785447934292,0.1643625441177839
u9,2021-05-04,-0.5277713219389779,-0.3801293278362693
u9,2021-05-11,-0.3337224725977024,0.7013813160093704
u9,2021-05-18,0.3015739334393537,0.711111378670194
u9,2021-05-25,-0.6064259786240436,1.2775818857523786
u9,2021-06-01,-0.6862623076427905,0.42884019300058174
u9,2021-06-08,-0.40535403069716547,-0.2144720187579197
u9,2021-06-15,-0.6320713096183338,0.09212232071478887
u9,2021-06-22,-0.27884089937243745,0.5754069665140386
u9,2021-06-29,0.020044309251730286,0.35376236172032727
u9,2021-07-06,0.6848288011238659,0.3924055638071561
u9,2021-07-13,-0.47264070746974385,-0.2633654641041495
u9,2021-07-20,-1.0410198828497346,0.07701929243858752
u9,2021-07-27,-0.6228733631872406,0.37045184922185104
u9,2021-08-03,-0.007580777484116952,0.4094169416126786
u9,2021-08-10,-0.6014177002145124,0.22749379746753678
u9,2021-08-17,-0.502059618863525,-0.5792908636480483
u9,2021-08-24,1.2118179741674937,-0.1455926112198833
u9,2021-08-31,0.7743087141806975,1.4148556469378493
u9,2021-09-07,0.16204258179724523,0.1291296423879716
u9,2021-09-14,0.7754965252535193,-0.14424181291397142
u9,2021-09-21,-0.16631796085222061,-0.008196613134430208
u9,2021-09-28,-0.35378171753956306,0.6642679840711879
u9,2021-10-05,1.0984583454047763,0.1457023149398643
u9,2021-10-12,0.5343966565068566,0.3522582171765404
u9,2021-10-19,0.35346577406228374,0.26405841775020644
u9,2021-10-26,0.5679152714607392,0.9979340222546641
u9,2021-11-02,-0.2222779365694142,-0.4637977730895427
u9,2021-11-09,-0.3258205077435307,-0.17035803154418544
u9,2021-11-16,0.34033774847329923,0.7732264719088011
u9,2021-11-23,-0.15914000208776688,-0.0698579638047298
u9,2021-11-30,0.015371116547090613,0.9641894792144433
u9,2021-12-07,-0.4415700733176494,-0.17796961078822712
u9,2021-12-14,0.032339968405200925,0.3514970072375405
u9,2021-12-21,0.6732669080456581,-0.4184839522160296
u9,2021-12-28,0.5607926886801468,-0.10751908790423778
u9,2022-01-04,-0.1407562136287594,-1.0888624493446928
u9,2022-01-11,-0.1411152361025782,-0.3740222191668867
u9,2022-01-18,-0.6309680382249685,-0.13595204350281473
u9,2022-01-25,-0.2981554041075596,-0.08101317350800055
u9,2022-02-01,2.4831160658875717,-0.1039510689019804
u9,2022-02-08,0.022000923303677866,-0.11416577311966768
u9,2022-02-15,-0.3092372110787772,-0.28922544368352243
u9,2022-02-22,-0.6834705509028491,0.1692612799509266
u9,2022-03-01,-0.8666072413501353,0.1675868972337785
u9,2022-03-08,0.33345789602291276,0.5302956012479315
u9,2022-03-15,4.610000899015596,0.3020720638934029
u9,2022-03-22,0.9780850934869234,0.22812318809198862
u9,2022-03-29,-0.02999442035975519,-0.3766694904839649
u9,2022-04-05,-1.3661368954509316,0.5253783608152962
u9,2022-04-12,0.29390950724980236,-0.3285698806431382
u9,2022-04-19,-0.7419895786309175,-0.36874941733264
u9,2022-04-26,-0.6970030627170978,0.4943867393784427
u9,2022-05-03,-0.4967053846875935,1.1430369875578923
u9,2022-05-10,0.584220782825972,-0.23233746086243767
u9,2022-05-17,0.04336711420409206,0.27179800600956106
u9,2022-05-24,-0.6588009441791135,-0.35089755832852954
u9,2022-05-31,-0.7801287221524045,0.4481853667766583
u9,2022-06-07,-0.23204550743199584,0.29332578762456213
u9,2022-06-14,-0.6230314865083998,0.767472549635731
u9,2022-06-21,-1.2739382132095747,0.6212346194535411
u9,2022-06-28,-0.7724049371412925,0.7447853002956724
u9,2022-07-05,-0.15342388263739956,0.3071336212271105
u9,2022-07-12,-0.8155548575578718,0.7626914575098003
u9,2022-07-19,0.15590037203769647,0.8297592218050011
u9,2022-07-26,0.38574652497979534,1.602496180366796
u9,2022-08-02,-0.6708268396645103,0.8466524679523443
u9,2022-08-09,-0.6309583591267818,0.21784035653404193
u9,2022-08-16,-0.7620394017969986,0.6812391040727281
u9,2022-08-23,-1.1509579034338975,0.03761965840640766
u9,2022-08-30,-1.2039705175531346,-1.0594840747072443
u9,2022-09-06,-0.25233765994214274,1.1291487264401807
u9,2022-09-13,2.327944276176751,-0.35120221605930735
u9,2022-09-20,-0.24695966850189807,0.07928712831532125
u9,2022-09-27,-0.8185937564848706,0.9131799621627336
u9,2022-10-04,-0.30571200981962865,0.4656868722676548
u9,2022-10-11,-0.29058762204229777,-0.14478540452589386
u9,2022-10-18,0.981354550007834,1.4027263657892624
u9,2022-10-25,0.16100250113226883,0.8514862353086222
u9,2022-11-01,-0.5797539897239012,1.4374740293596817
u9,2022-11-08,-1.1909555652871373,-0.07807731480767025
u9,2022-11-15,-0.467724552874095,-0.12242998139376779
u9,2022-11-22,-0.8704857377815772,0.2627541558524288
u9,2022-11-29,-0.604230516018004,0.1325869217755758
u9,2022-12-06,0.24724421769518268,0.40746080967728404
u9,2022-12-13,-0.26429205890857727,-1.0571993185262163
u9,2022-12-20,-0.4379342556757436,-0.016004612279908514
u9,2022-12-27,0.6037255675343318,-1.236542050187904
u9,2023-01-03,-0.026391389612172134,1.4983662440214554
u9,2023-01-10,1.0359490226010546,1.1012374371857003
u9,2023-01-17,-0.6724600221502678,0.5764835411680238
u9,2023-01-24,-0.9509977192567323,0.6568650309165748
u9,2023-01-31,0.5898818525794924,0.21395996565268238
u9,2023-02-07,-0.45704737792205397,0.5647837751434325
u9,2023-02-14,-0.7499823564627719,-0.07346338326018352
u9,2023-02-21,0.2910962159275322,0.1853230954967911
u9,2023-02-28,-1.210658615864139,0.45958728869983734
u9,2023-03-21,-2.224239029358446,-0.556520275418898
u9,2023-04-25,-1.2510642275500499,0.27305677173058956
u9,2023-05-23,-1.0887457861817065,0.15305293620257704
u9,2023-05-30,-1.0050418881506502,0.18962543737818038
u9,2023-06-06,-0.44639575689643934,0.1642692545921266
u9,2023-06-13,0.43341547380950585,-0.031532717419802014
u9,2023-06-20,-0.5197235844519597,0.47917135787799736
u9,2023-06-27,-0.34935667140777804,-0.46665607686992555
u9,2023-07-04,-0.7837614282180538,-0.24190278588030462
u9,2023-07-11,-1.2313048048713502,0.11202907761737169
u9,2023-07-18,-0.9259672836087482,-0.5678388047320866
u9,2023-07-25,-0.7072224111079907,0.30501958489529657
u9,2023-08-01,-0.9220137484708991,0.4847375113063733
u9,2023-08-08,-1.1207442829724337,0.2668768689696259
u9,2023-08-15,-1.3228766291949372,0.07429163429789926
u9,2023-08-22,-0.46078720728815603,0.0642899305802668
u9,2023-08-29,-1.574613444056864,-0.28494274789965374
u9,2023-09-05,-0.3921881608827763,0.4055263902405808
u9,2023-09-12,0.01017234679437573,-0.669585719733609
u9,2023-09-19,-0.7689053482254677,0.3634371630897988
u9,2023-09-26,-0.35660078331572775,0.0329132300728569
u9,2023-10-03,-0.3090785434269928,-0.8284557449856229
u9,2023-10-10,-0.49250205506325506,0.9135354463920248
u9,2023-10-17,-0.3031360922687278,0.3391544201306397
u9,2023-10-24,-0.7054802452643473,-0.36882396304438925
u9,2023-10-31,-1.0580779915183576,-0.46493109497034624
u9,2023-11-07,-0.9067211008216923,-0.05395916000888257
u9,2023-11-14,-0.3629155295243491,0.09735121671541924
u9,2023-11-21,-0.6508870244384399,0.08175046756471793
u9,2023-11-28,-0.9353226872668301,0.2254497255497544
u9,2023-12-05,-0.8849221608109649,-0.11990839532767099
u9,2023-12-12,0.006048995345244057,0.3627373847166766
u9,2023-12-19,-0.6639303326733446,-0.678423639606474
u9,2023-12-26,-0.11819231307615205,-0.3189113046913018
u9,2024-01-02,-0.4094781285310042,-0.7019616386728406
u9,2024-01-09,-0.754982400151324,0.12400512096371391
u9,2024-01-16,0.10797834590835603,-0.11967386932056101
u9,2024-01-23,0.0071197930080203475,-0.08013555660228673
u9,2024-01-30,-0.2799145677819372,-0.31304706866238224
u9,2024-02-06,0.4237220686754338,-0.09643969533846514
u9,2024-02-13,-0.9753579945474508,0.985348703050097
u9,2024-02-20,-0.18626348317540062,-0.10000871652309858
u9,2024-02-27,0.7435586078846634,-0.8408529492968133
u9,2024-03-05,-0.771936315346703,-0.21757232987179373
u9,2024-03-12,-0.29830828635129386,0.08045278622972779
u9,2024-03-19,-0.5316524264369155,0.11757129945812173
u9,2024-03-26,-1.0187796310787198,-0.7255016164776571
u9,2024-04-02,-0.322442638728946,-0.06892177337597029
u9,2024-04-09,0.42504906067077364,0.7180204908009491
u9,2024-04-16,-0.5007661015306105,-0.11115731145374967
u9,2024-04-23,-0.13647631694205759,0.03976273092891816
u9,2024-04-30,0.4966153615176746,-0.8807969488902484
u9,2024-05-07,-0.5011360638957945,0.15929501091945786
u9,2024-05-14,0.0791976170654285,0.9497261338251758
u9,2024-05-21,-0.5586925108758094,-0.05064705831302574
u9,2024-05-28,-0.7990988910435625,0.20336968816571355
u9,2024-06-04,0.5850114011734051,0.05204078539285753
u9,2024-06-11,-0.7783792030456498,-0.3487551078195169
u9,2024-06-18,0.12057348089560233,-0.28643520914125437
u9,2024-06-25,0.3220813313268295,-0.8679908662725907
u9,2024-07-02,0.45401545640483354,0.04090993392697326
u9,2024-07-09,-0.6876790528695513,0.019983468244106378
u9,2024-07-16,0.3104229545879046,-0.6960872430393831
u9,2024-07-23,-0.620842669316463,0.09677042109135686
u9,2024-07-30,0.8353629448911273,-0.30093147381301755
u9,2024-08-06,0.02373527592832353,-0.8895611402266485
u9,2024-08-13,0.24331684872261727,0.39686363859386775
u9,2024-08-20,3.8006025133526022,1.4048490800703588
u9,2024-08-27,-1.0827589358184246,0.1378277300823011
u9,2024-09-03,-0.27117778051976527,-0.15244204550864143
u9,2024-09-10,-0.2664581628765387,-0.19553810527819612
u9,2024-09-17,-0.4197307322244672,-0.28682245111381566
u9,2024-09-24,0.5645288426374706,-0.3775592257101746
u9,2024-10-01,0.18014500779042042,0.23416651250416298
u9,2024-10-08,-0.4847495362255514,-0.1722941744837146
u9,2024-10-15,-0.049600352509152346,0.7447465051631342
u9,2024-10-22,-0.5024768202892731,0.07064031047644953
u9,2024-10-29,0.0985177636946738,-0.046167507923427886
u9,2024-11-05,0.07109893136583167,-0.04692816546778539
u9,2024-11-12,0.13146312453342102,-0.06432592376734472
u9,2024-11-19,0.062311083804647394,-0.07762311970427474
u9,2024-11-26,0.9429721628061194,2.0579682370154835
u9,2024-12-03,-0.7568553614386968,0.14288950161515468
u9,2024-12-10,-0.8109388855486177,-0.14043098248233438
u9,2024-12-17,0.1683293729959534,-0.35531866330889433
u9,2024-12-24,0.6832359196949853,0.6623428650734878
u9,2024-12-31,-0.3168592505334419,0.18765708141176507
u9,2025-01-07,-0.20476043366443022,0.045177751479824196
u9,2025-01-14,-0.4474783425847857,0.28417998589615096
u9,2025-01-21,1.556938789809589,0.2239079450353833
u9,2025-01-28,0.562139873103962,-0.7100115545025744
u9,2025-02-04,0.4657715410689519,-0.7774770177553934
u9,2025-02-11,0.03935600442374315,-0.1264774311210442
u9,2025-02-18,-0.7864443990379142,0.5504629431546391
u10,2022-08-09,-1.8932805922029214,-0.7620805733139603
u10,2022-08-16,-1.821838639485896,0.12065271477843359
u10,2022-08-23,-1.6647997069032738,-0.2390748846897933
u10,2022-08-30,-1.3070356188959535,-0.5414078541527552
u10,2022-09-06,-1.0175052539555736,-0.07511826409885872
u10,2022-09-13,-1.3718236029248028,-0.6803256992786479
u10,2022-09-20,-1.735070521020228,-0.7657861391405706
u10,2022-09-27,-1.8974633510296959,-0.05678558143390432
u10,2022-10-04,-1.5691521305193428,-0.7765969389851672
u10,2022-10-11,-1.5642171402497156,-0.3725659480098944
u10,2022-10-18,-1.3498662794349476,0.2865282109386252
u10,2022-10-25,-1.5817407569878013,-0.5535406704661796
u10,2022-11-01,-0.16057388936745465,-1.0912703887109285
u10,2022-11-08,-1.9298838255604187,-0.751011325591516
u10,2022-11-15,-0.993713153817962,-0.20920957817668667
u10,2022-11-22,-1.047359653098032,-0.8381418651858832
u10,2022-11-29,-1.5277862695434945,-0.15622782058633256
u10,2022-12-06,-1.113377330957566,-0.8343734432123664
u10,2022-12-13,-0.9198550086794376,-0.6920492232273692
u10,2022-12-20,0.36159320826924335,-0.7063024098482872
u10,2022-12-27,-0.2604487284958695,-0.9541258403580718
u10,2023-01-03,-1.0052338357879886,-0.2590734869034653
u10,2023-01-10,-0.929065181851615,-0.715971641772519
u10,2023-01-17,-1.7475622647700313,-0.5636166226924406
u10,2023-01-24,-1.5461585040422665,0.36572549356978923
u10,2023-01-31,-1.4255911371538281,0.0809618526233003
u10,2023-02-07,-1.2812707737132039,-0.7372906338921387
u10,2023-02-14,-1.1220739120034717,-0.8018949895369452
u10,2023-02-21,-1.6573066318286946,-0.2696986672885102
u10,2023-02-28,-1.8335232857273374,0.3305620609489137
u10,2023-03-07,-1.351313802914301,-0.2769458784232652
u10,2023-03-14,-1.3258790585888147,-0.5057353778922304
u10,2023-03-21,-1.61659948948861,-0.21059470693811252
u10,2023-03-28,-1.2259126292537217,-0.8641087538296859
u10,2023-04-04,-1.3369551792651286,-0.29814696443084504
u10,2023-04-11,-1.5498614671418691,-0.843756451490428
u10,2023-04-18,-1.7788360363526916,0.39888628825869166
u10,2023-04-25,-0.5040522274717498,-0.6923483970483374
u10,2023-05-02,-1.169715965683689,0.12341790772254141
u10,2023-05-09,-1.1772648726948838,-0.4121874920167187
u10,2023-05-16,-0.0025484593410340928,0.015651773706709476
u10,2023-05-23,-0.4563931020153981,-0.6868214229114963
u10,2023-05-30,-1.449648694663374,-0.36567312401831475
u10,2023-06-06,-2.06362114291114,-0.03709058995897052
u10,2023-06-13,-0.9070041259446544,-0.2262227782688642
u10,2023-06-20,-0.2022365021950863,-0.4848834183700686
u10,2023-06-27,-0.8643170397044696,-0.7389467107194858
u10,2023-07-04,-0.824599237969881,-0.6481643067063738
u10,2023-07-11,-1.1763505097284368,-0.645670947377567
u10,2023-07-18,-0.6466589006302039,-0.7878795074104137
u10,2023-07-25,-0.8812644810951493,-0.5216793792087413
u10,2023-08-01,-0.8587349963622023,-1.0176400050918
u10,2023-08-08,-1.2312959404628248,-0.05498454501243405
u10,2023-08-15,-0.925664370757403,-0.7797158737125233
u10,2023-08-22,-1.1076097774394733,-0.1758397882522061
u10,2023-08-29,-0.40888505722181234,-0.19848920111368779
u10,2023-09-05,-0.4494720939440258,-1.0026367797303313
u10,2023-09-12,-0.8648602017155111,0.13441382087468284
u10,2023-09-19,-0.4457147253810897,-0.9013316910121719
u10,2023-09-26,-0.844230247576792,0.2359356444415016
u10,2023-10-03,-1.5498881090594239,0.6743134850104516
u10,2023-10-10,0.4735700942450499,0.5526811636625232
u10,2023-10-17,0.20303852383109167,-0.10141975130167434
u10,2023-10-24,-0.19088516372808564,0.8861395029779885
u10,2023-10-31,1.4646242873284194,-0.14128292914470272
u10,2023-11-07,0.308019854964634,0.8885787685933869
u10,2023-11-14,1.2115187695921512,-0.8587627411249454
u10,2023-11-21,1.0936735917243738,-0.9778436797588294
u10,2023-11-28,-0.0017778050831738224,0.22230294307123377
u10,2023-12-05,2.8404858686346794,-0.5854132778735133
u10,2023-12-12,0.5658797783009719,-0.25669631962380796
u10,2023-12-19,0.34081629842748773,1.0301751771438146
u10,2023-12-26,0.20130623788365676,1.6919086210310668
u10,2024-01-02,3.038335578529211,-1.2903361315260469
u10,2024-01-09,-0.007718398381198255,-0.15275793654075928
u10,2024-01-16,-0.5618100107889845,0.224628259762629
u10,2024-01-23,-1.1367680239843436,-0.20739126695336732
u10,2024-01-30,1.6500861781858336,0.4202464270438716
u10,2024-02-06,-0.038150776357170846,1.2194769699908399
u10,2024-02-13,1.3077720850129215,0.7490835068056875
u10,2024-02-20,0.04185548878318501,0.22867556535242156
u10,2024-02-27,-0.14795754928196625,0.6800849440196518
u10,2024-03-05,0.7531827081776901,1.4931140385505413
u10,2024-03-12,-1.1783065624859637,-0.36494381448128654
u10,2024-03-19,0.6753540634395063,0.5070185478287244
u10,2024-03-26,-0.786039067430804,1.3126934694935657
u10,2024-04-02,0.8658868995808775,0.6491052375140476
u10,2024-04-09,-0.3797078932627616,-0.6160043645465005
u10,2024-04-16,-0.48040700598157804,0.27912465454210234
u10,2024-04-23,-0.07980622230112039,-0.683078165519921
u10,2024-04-30,0.09897626264364401,0.2876463644403912
u10,2024-05-07,0.23959964241444165,1.7927559147505896
u10,2024-05-14,0.1767652311635184,-0.26216911813358956
u10,2024-05-21,-0.7060606634457272,-0.11995006511686071
u10,2024-05-28,0.28956227230310094,0.4548060944446798
u10,2024-06-04,0.6528954401841148,1.1439065917113744
u10,2024-06-11,-0.41532655825716297,0.24514156280947308
u10,2024-06-18,1.3479700034982287,0.2666714656775452
u10,2024-06-25,-0.7096035910996608,0.3280504006529481
u10,2024-07-02,-0.46013257495347654,-0.13938184800025794
u10,2024-07-09,-1.0344066313717066,0.11721298469201158
u10,2024-07-16,-0.07393997450776962,0.6441630998507922
u10,2024-07-23,-0.8729872878385082,0.5331119100087167
u10,2024-07-30,0.31714691688225904,0.4213281464516947
u10,2024-08-06,-0.06184953540119936,-0.027121344981776374
u10,2024-08-13,1.4993250728911967,0.46357606383868466
u10,2024-08-20,1.4835060286534807,-0.26351447700500025
u10,2024-08-27,-1.188283696552205,-0.16015062143261047
u10,2024-09-03,-0.30946258828258405,1.1554516798868657
u10,2024-09-10,0.1935926125344356,2.0078535229508727
u10,2024-09-17,2.1427953694546478,-0.17954142420842636
u10,2024-09-24,-0.6583414929620173,-0.38474262882186905
u10,2024-10-01,-0.11527899313228715,-1.0412177932080975
u10,2024-10-08,-0.11735894388091389,0.3148107028201948
u10,2024-10-15,-0.909343129488728,-1.0888752771857293
u10,2024-10-22,-0.6985492969595528,0.9770256195689652
u10,2024-10-29,-0.47711984781425915,-0.4079241088225827
u10,2024-11-05,1.0650248471551118,1.4515255432793697
u10,2024-11-12,-0.22983307522958424,0.39770141584593943
u10,2024-11-19,0.6187421299080709,1.8671470852889134
u10,2024-11-26,-0.29636978492264876,1.1938867919722584
u10,2024-12-03,-0.8086177512879288,1.3168551996961257
u10,2024-12-10,-0.46294894351550797,0.027850286441860467
u10,2024-12-17,0.08731112013285502,-0.48641617137924187
u10,2024-12-24,-0.7706886605697756,-0.4475418594635312
u10,2024-12-31,-0.2058847392046555,1.6437682940940936
u10,2025-01-07,-0.02176253598983624,0.16054085968710557
u10,2025-01-14,0.3203548143276025,0.7436844457909118
u10,2025-01-21,-0.4320598146083102,0.2544733784623686
u10,2025-01-28,0.7902575899355391,-1.4184686043528516
u10,2025-02-04,0.4585802157878047,1.713720929065488
u10,2025-02-11,-0.18165299835352464,0.7178551442984351
u10,2025-02-18,-1.2637505199844175,-0.5717069172099776
