key,title,author,journal,year,doi,total_databases,sciencedirect_indexed,sciencedirect_url,sciencedirect_method,pubmed_indexed,pubmed_url,pubmed_method,ieee_indexed,ieee_url,ieee_method,acm_indexed,acm_url,acm_method,scholar_indexed,scholar_url,scholar_method,springer_indexed,springer_url,springer_method,wiley_indexed,wiley_url,wiley_method,crossref_indexed,crossref_url,crossref_method,crossref_publisher
WHO2020,WHO Guidelines on Physical Activity and Sedentary Behaviour,World Health Organization,,2020,,1,False,,,False,,,False,,,False,,,True,https://scholar.google.com/scholar?q=WHO%20Guidelines%20on%20Physical%20Activity,title_search,False,,,False,,,False,,,
WHO2009GlobalRisks,Global Health Risks: Mortality and Burden of Disease Attributable to Selected Major Risks,World Health Organization,,2009,,1,False,,,False,,,False,,,False,,,True,https://scholar.google.com/scholar?q=Global%20Health%20Risks%3A%20Mortality%20and,title_search,False,,,False,,,False,,,
WHO2018,Global Action Plan on Physical Activity 2018–2030: More Active People for a Healthier World,World Health Organization,,2018,,1,False,,,False,,,False,,,False,,,True,https://scholar.google.com/scholar?q=Global%20Action%20Plan%20on%20Physical,title_search,False,,,False,,,False,,,
WHO2022InformeActividad,Informe sobre la situación mundial de la actividad física 2022: Resumen ejecutivo,World Health Organization,,2022,,1,False,,,False,,,False,,,False,,,True,https://scholar.google.com/scholar?q=Informe%20sobre%20la%20situaci%C3%B3n%20mundial,title_search,False,,,False,,,False,,,
WHO2020GuidelinesAnnex,WHO Guidelines on Physical Activity and Sedentary Behaviour: Web Annex Evidence Profiles,World Health Organization,,2020,,1,False,,,False,,,False,,,False,,,True,https://scholar.google.com/scholar?q=WHO%20Guidelines%20on%20Physical%20Activity,title_search,False,,,False,,,False,,,
StrategicPlanPAHO2020,Strategic Plan of the Pan American Health Organization 2020-2025: Equity at the Heart of Health,Strategic Plan Advisory Group PAHO,,2020,,1,False,,,False,,,False,,,False,,,True,https://scholar.google.com/scholar?q=Strategic%20Plan%20of%20the%20Pan,title_search,False,,,False,,,False,,,
CDC_GSHS,Encuesta Mundial de Salud a Escolares - Global School-Based Student Health Survey (GSHS): Módulos del Cuestionario Básico Final,CDC,,,,1,False,,,False,,,False,,,False,,,True,https://scholar.google.com/scholar?q=Encuesta%20Mundial%20de%20Salud%20a,title_search,False,,,False,,,False,,,
Bull2020,World Health Organization 2020 guidelines on physical activity and sedentary behaviour,"Bull, Fiona C. and Al-Ansari, Salih S. and Biddle, Stuart and Borodulin, Katja and Buman, Matthew P. and Cardon, Greet and Carty, Catherine and Chaput, Jean-Pierre and Chastin, Sebastien and Chou, Roger and Dempsey, Paddy C. and DiPietro, Loretta and Ekelund, Ulf and Firth, Joseph and Friedenreich, Christine M. and Garcia, Leandro and Gichu, Mercy and Jago, Russell and Katzmarzyk, Peter T. and Lambert, Estelle and Leitzmann, Michael and Milton, Karen and Ortega, Francisco B. and Ranasinghe, Chathuranga and Stamatakis, Emmanuel and Tiedemann, Anne and Troiano, Richard P. and van der Ploeg, Hidde P. and Wari, Vicky and Willumsen, Juana F.",British Journal of Sports Medicine,2020,10.1136/bjsports-2020-102955,4,False,,,True,https://pubmed.ncbi.nlm.nih.gov/?term=World%20Health%20Organization%202020%20guidelines,title_search,False,,,False,,,True,https://scholar.google.com/scholar?q=10.1136/bjsports-2020-102955,doi_search,True,https://link.springer.com/search?query=10.1136/bjsports-2020-102955,doi_search,False,,,True,https://doi.org/10.1136/bjsports-2020-102955,,BMJ
Riebe2018ACSM,ACSM's Guidelines for Exercise Testing and Prescription,"Riebe, Deborah and Ehrman, Jonathan K. and Liguori, Gary and Magal, Meir",,2018,,2,False,,,True,https://pubmed.ncbi.nlm.nih.gov/?term=ACSM%27s%20Guidelines%20for%20Exercise%20Testing,title_search,False,,,False,,,True,https://scholar.google.com/scholar?q=ACSM%27s%20Guidelines%20for%20Exercise%20Testing,title_search,False,,,False,,,False,,,
Bent2020,Investigating sources of inaccuracy in wearable optical heart rate sensors,"Bent, Brinnae and Goldstein, Benjamin A. and Kibbe, Warren A. and Dunn, Jessilyn P.",npj Digital Medicine,2020,10.1038/s41746-020-0226-6,4,False,,,True,https://pubmed.ncbi.nlm.nih.gov/?term=Investigating%20sources%20of%20inaccuracy%20in,title_search,False,,,False,,,True,https://scholar.google.com/scholar?q=10.1038/s41746-020-0226-6,doi_search,True,https://link.springer.com/search?query=10.1038/s41746-020-0226-6,doi_search,False,,,True,https://doi.org/10.1038/s41746-020-0226-6,,Springer Science and Business Media LLC
Shcherbina2017,"Accuracy in Wrist-Worn, Sensor-Based Measurements of Heart Rate and Energy Expenditure in a Diverse Cohort","Shcherbina, Anna and Mattsson, Christoffer Mikael and Waggott, Daryl and others",Journal of Personalized Medicine,2017,10.3390/jpm7020003,4,False,,,True,https://pubmed.ncbi.nlm.nih.gov/?term=Accuracy%20in%20Wrist-Worn%2C%20Sensor-Based%20Measurements,title_search,False,,,False,,,True,https://scholar.google.com/scholar?q=10.3390/jpm7020003,doi_search,True,https://link.springer.com/search?query=10.3390/jpm7020003,doi_search,False,,,True,https://doi.org/10.3390/jpm7020003,,MDPI AG
Abellan2014Prescripcion,Guía para la Prescripción del Ejercicio Físico en Pacientes con Riesgo Cardiovascular,"Abellán, Javier and Sainz de Baranda Anduja",,2014,,1,False,,,False,,,False,,,False,,,True,https://scholar.google.com/scholar?q=Gu%C3%ADa%20para%20la%20Prescripci%C3%B3n%20del,title_search,False,,,False,,,False,,,
Piercy2018Guidelines,The Physical Activity Guidelines for Americans,"Piercy, Katrina L. and Troiano, Richard P. and Ballard, Rachel M. and Carlson, Susan A. and Fulton, Janet E. and Galuska, Deborah A. and George, Stephanie M. and Olson, Richard D.",JAMA,2018,10.1001/jama.2018.14854,3,False,,,False,,,False,,,False,,,True,https://scholar.google.com/scholar?q=10.1001/jama.2018.14854,doi_search,True,https://link.springer.com/search?query=10.1001/jama.2018.14854,doi_search,False,,,True,https://doi.org/10.1001/jama.2018.14854,,American Medical Association (AMA)
William2008Guidelines,"Physical Activity Guidelines Advisory Committee Report, 2008","Haskell, William and Nelson, Miriam E. and Dishman, Rod K. and Howley, Edward T. and Kohrt, Wendy M. and Kraus, William E. and Lee, I-Min and McTiernan, Anne and Pate, Russell R. and Powell, Kenneth E. and Regensteiner, Judith G. and Rimmer, James H. and Yancey, Antronette K.",,2008,,2,False,,,True,https://pubmed.ncbi.nlm.nih.gov/?term=Physical%20Activity%20Guidelines%20Advisory%20Committee,title_search,False,,,False,,,True,https://scholar.google.com/scholar?q=Physical%20Activity%20Guidelines%20Advisory%20Committee,title_search,False,,,False,,,False,,,
Murray2020GBD,"Global burden of 87 risk factors in 204 countries and territories, 1990–2019: a systematic analysis for the Global Burden of Disease Study 2019","Murray, Christopher J. L. and Aravkin, Aleksandr Y. and Zheng, Peng and Abbafati, Cristiana and Abbas, Kaja M. and Abbasi-Kangevari",The Lancet,2020,10.1016/S0140-6736(20)30752-2,5,True,https://www.sciencedirect.com/search?qs=10.1016/S0140-6736%2820%2930752-2,crossref_elsevier,True,https://pubmed.ncbi.nlm.nih.gov/?term=Global%20burden%20of%2087%20risk,title_search,False,,,False,,,True,https://scholar.google.com/scholar?q=10.1016/S0140-6736%2820%2930752-2,doi_search,True,https://link.springer.com/search?query=10.1016/S0140-6736%2820%2930752-2,doi_search,False,,,True,https://doi.org/10.1016/S0140-6736(20)30752-2,,Elsevier BV
Guthold2020,Global trends in insufficient physical activity among adolescents: a pooled analysis of 298 population-based surveys with 1·6 million participants,"Guthold, Regina and Stevens, Gretchen A. and Riley, Leanne M. and Bull, Fiona C.",The Lancet Child and Adolescent Health,2020,10.1016/S2352-4642(19)30323-2,5,True,https://www.sciencedirect.com/search?qs=10.1016/S2352-4642%2819%2930323-2,crossref_elsevier,True,https://pubmed.ncbi.nlm.nih.gov/?term=Global%20trends%20in%20insufficient%20physical,title_search,False,,,False,,,True,https://scholar.google.com/scholar?q=10.1016/S2352-4642%2819%2930323-2,doi_search,True,https://link.springer.com/search?query=10.1016/S2352-4642%2819%2930323-2,doi_search,False,,,True,https://doi.org/10.1016/S2352-4642(19)30323-2,,Elsevier BV
Santos2023CostInaction,The cost of inaction on physical inactivity to public health-care systems: a population-attributable fraction analysis,"Santos, Ana Carolina and Willumsen, Juana and Meheus, Filip and Ilbawi, Andre and Bull, Fiona C.",The Lancet Global Health,2023,10.1016/S2214-109X(22)00464-8,4,True,https://www.sciencedirect.com/search?qs=10.1016/S2214-109X%2822%2900464-8,crossref_elsevier,False,,,False,,,False,,,True,https://scholar.google.com/scholar?q=10.1016/S2214-109X%2822%2900464-8,doi_search,True,https://link.springer.com/search?query=10.1016/S2214-109X%2822%2900464-8,doi_search,False,,,True,https://doi.org/10.1016/S2214-109X(22)00464-8,,Elsevier BV
Katzmarzyk2023Impact,Expanding our understanding of the global impact of physical inactivity,"Katzmarzyk, Peter T.",The Lancet Global Health,2023,10.1016/S2214-109X(22)00482-X,4,True,https://www.sciencedirect.com/search?qs=10.1016/S2214-109X%2822%2900482-X,crossref_elsevier,False,,,False,,,False,,,True,https://scholar.google.com/scholar?q=10.1016/S2214-109X%2822%2900482-X,doi_search,True,https://link.springer.com/search?query=10.1016/S2214-109X%2822%2900482-X,doi_search,False,,,True,https://doi.org/10.1016/S2214-109X(22)00482-X,,Elsevier BV
Okunogbe2021Economic,Economic impacts of overweight and obesity: Current and future estimates for eight countries,"Okunogbe, Adeyemi and Nugent, Rachel and Spencer, Garrison and Ralston, Johanna and Wilding, John",BMJ Global Health,2021,10.1136/bmjgh-2021-006351,4,False,,,True,https://pubmed.ncbi.nlm.nih.gov/?term=Economic%20impacts%20of%20overweight%20and,title_search,False,,,False,,,True,https://scholar.google.com/scholar?q=10.1136/bmjgh-2021-006351,doi_search,True,https://link.springer.com/search?query=10.1136/bmjgh-2021-006351,doi_search,False,,,True,https://doi.org/10.1136/bmjgh-2021-006351,,BMJ
Swinburn2019Syndemic,"The Global Syndemic of Obesity, Undernutrition, and Climate Change: The Lancet Commission report","Swinburn, Boyd A. and Kraak, Vivica I. and Allender, Steven and Atkins, Vincent J. and Baker, Phillip I. and Bogard, Jessica R. and Brinsden, Hannah and Calvillo, Alejandro and De Schutter",The Lancet,2019,10.1016/S0140-6736(18)32822-8,5,True,https://www.sciencedirect.com/search?qs=10.1016/S0140-6736%2818%2932822-8,crossref_elsevier,True,https://pubmed.ncbi.nlm.nih.gov/?term=The%20Global%20Syndemic%20of%20Obesity%2C,title_search,False,,,False,,,True,https://scholar.google.com/scholar?q=10.1016/S0140-6736%2818%2932822-8,doi_search,True,https://link.springer.com/search?query=10.1016/S0140-6736%2818%2932822-8,doi_search,False,,,True,https://doi.org/10.1016/S0140-6736(18)32822-8,,Elsevier BV
Aubert2022GlobalMatrix,Global Matrix 4.0 Physical Activity Report Card Grades for Children and Adolescents: Results and Analyses From 57 Countries,"Aubert, Salome and Barnes, Joel D. and Demchenko, Ivanna and Hawthorne, Madison and Abdeta, Catherine and Nader",Journal of Physical Activity and Health,2022,10.1123/JPAH.2022-0456,3,False,,,False,,,False,,,False,,,True,https://scholar.google.com/scholar?q=10.1123/JPAH.2022-0456,doi_search,True,https://link.springer.com/search?query=10.1123/JPAH.2022-0456,doi_search,False,,,True,https://doi.org/10.1123/JPAH.2022-0456,,Human Kinetics
Bolger2013,Intensive Longitudinal Methods: An Introduction to Diary and Experience Sampling Research,"Bolger, Niall and Laurenceau, Jean-Philippe",,2013,,1,False,,,False,,,False,,,False,,,True,https://scholar.google.com/scholar?q=Intensive%20Longitudinal%20Methods%3A%20An%20Introduction,title_search,False,,,False,,,False,,,
Romero2022,Design of the Encuesta Nacional de Salud y Nutrición 2022 and planning and design of the Ensanut Continua 2020-2024,"Romero, Martín and Barrientos-Gutiérrez",Salud Pública de México,2022,10.21149/14186,3,False,,,False,,,False,,,False,,,True,https://scholar.google.com/scholar?q=10.21149/14186,doi_search,True,https://link.springer.com/search?query=10.21149/14186,doi_search,False,,,True,https://doi.org/10.21149/14186,,Instituto Nacional de Salud Publica
Campos2023ObesityMexico,Prevalence of obesity and associated risk factors in Mexican adults: results of the Ensanut 2022,"Campos, Ismael and Galván-Valencia",Salud Pública de México,2023,10.21149/14809,3,False,,,False,,,False,,,False,,,True,https://scholar.google.com/scholar?q=10.21149/14809,doi_search,True,https://link.springer.com/search?query=10.21149/14809,doi_search,False,,,True,https://doi.org/10.21149/14809,,Instituto Nacional de Salud Publica
ShamahLevy2023,Encuesta Nacional de Salud y Nutrición 2022 sobre COVID-19: Resultados nacionales,Shamah-Levy,Salud Pública de México,2023,,1,False,,,False,,,False,,,False,,,True,https://scholar.google.com/scholar?q=Encuesta%20Nacional%20de%20Salud%20y,title_search,False,,,False,,,False,,,
Caspersen1985,"Physical activity, exercise, and physical fitness: Definitions and distinctions for health-related research","Caspersen, Carl J. and Powell, Kenneth E. and Christenson, Gregory M.",Public Health Reports,1985,,1,False,,,False,,,False,,,False,,,True,https://scholar.google.com/scholar?q=Physical%20activity%2C%20exercise%2C%20and%20physical,title_search,False,,,False,,,False,,,
Tremblay2017Terminology,Sedentary Behavior Research Network (SBRN) - Terminology Consensus Project process and outcome,"Tremblay, Mark S. and Aubert, Salome and Barnes, Joel D. and Saunders, Travis J. and Carson, Valerie and Latimer-Cheung",International Journal of Behavioral Nutrition and Physical Activity,2017,10.1186/s12966-017-0525-8,4,False,,,True,https://pubmed.ncbi.nlm.nih.gov/?term=Sedentary%20Behavior%20Research%20Network%20%28SBRN%29,title_search,False,,,False,,,True,https://scholar.google.com/scholar?q=10.1186/s12966-017-0525-8,doi_search,True,https://link.springer.com/search?query=10.1186/s12966-017-0525-8,doi_search,False,,,True,https://doi.org/10.1186/s12966-017-0525-8,,Springer Science and Business Media LLC
Pate2008Evolving,The evolving definition of ``sedentary'',"Pate, Russell R. and O'Neill",Exercise and Sport Sciences Reviews,2008,,1,False,,,False,,,False,,,False,,,True,https://scholar.google.com/scholar?q=The%20evolving%20definition%20of%20%60%60sedentary%27%27,title_search,False,,,False,,,False,,,
Tremblay2010Physiological,Physiological and health implications of a sedentary lifestyle,"Tremblay, Mark S. and Colley, Rachel C. and Saunders, Travis J. and Healy, Genevieve N. and Owen, Neville","Applied Physiology, Nutrition, and Metabolism",2010,10.1139/H10-079,3,False,,,False,,,False,,,False,,,True,https://scholar.google.com/scholar?q=10.1139/H10-079,doi_search,True,https://link.springer.com/search?query=10.1139/H10-079,doi_search,False,,,True,https://doi.org/10.1139/H10-079,,Canadian Science Publishing
Pinto2023Physiology,Physiology of sedentary behavior,"Pinto, Andrew J. and Bergouignan, Audrey and Dempsey, Paddy C. and Roschel, Hamilton and Owen, Neville and Gualano, Bruno and Dunstan, David W.",Physiological Reviews,2023,10.1152/physrev.00022.2022,4,False,,,True,https://pubmed.ncbi.nlm.nih.gov/?term=Physiology%20of%20sedentary%20behavior,title_search,False,,,False,,,True,https://scholar.google.com/scholar?q=10.1152/physrev.00022.2022,doi_search,True,https://link.springer.com/search?query=10.1152/physrev.00022.2022,doi_search,False,,,True,https://doi.org/10.1152/physrev.00022.2022,,American Physiological Society
DiPietro2020Advancing,Advancing the global physical activity agenda: recommendations for future research by the 2020 WHO physical activity and sedentary behavior guidelines development group,"DiPietro, Loretta and Al-Ansari",International Journal of Behavioral Nutrition and Physical Activity,2020,10.1186/s12966-020-01042-2,4,False,,,True,https://pubmed.ncbi.nlm.nih.gov/?term=Advancing%20the%20global%20physical%20activity,title_search,False,,,False,,,True,https://scholar.google.com/scholar?q=10.1186/s12966-020-01042-2,doi_search,True,https://link.springer.com/search?query=10.1186/s12966-020-01042-2,doi_search,False,,,True,https://doi.org/10.1186/s12966-020-01042-2,,Springer Science and Business Media LLC
Doherty2021,GWAS identifies 14 loci for device-measured physical activity and sleep duration,"Doherty, Aiden and Smith-Byrne, Karl and Ferreira, Teresa and others",Nature Communications,2021,10.1038/s41467-018-07743-4,4,False,,,True,https://pubmed.ncbi.nlm.nih.gov/?term=GWAS%20identifies%2014%20loci%20for,title_search,False,,,False,,,True,https://scholar.google.com/scholar?q=10.1038/s41467-018-07743-4,doi_search,True,https://link.springer.com/search?query=10.1038/s41467-018-07743-4,doi_search,False,,,True,https://doi.org/10.1038/s41467-018-07743-4,,Springer Science and Business Media LLC
Henriksen2018,Using fitness trackers and smartwatches to measure physical activity in research: Analysis of consumer wrist-worn wearables,"Henriksen, Andreas and Mikalsen",Journal of Medical Internet Research,2018,10.2196/jmir.9157,4,False,,,True,https://pubmed.ncbi.nlm.nih.gov/?term=Using%20fitness%20trackers%20and%20smartwatches,title_search,False,,,False,,,True,https://scholar.google.com/scholar?q=10.2196/jmir.9157,doi_search,True,https://link.springer.com/search?query=10.2196/jmir.9157,doi_search,False,,,True,https://doi.org/10.2196/jmir.9157,,JMIR Publications Inc.
Henriksen2021ReplicationData,Replication data for Using Fitness Trackers and Smartwatches to Measure Physical Activity in Research,"Henriksen, Andreas and Woldaregay",,2021,10.18710/6ZWC9Z,2,False,,,False,,,False,,,False,,,True,https://scholar.google.com/scholar?q=10.18710/6ZWC9Z,doi_search,True,https://link.springer.com/search?query=10.18710/6ZWC9Z,doi_search,False,,,False,,,
Strain2020,Wearable-device-measured physical activity and future health risk,"Strain, Tessa and Wijndaele, Katrien and Dempsey, Paddy C. and Sharp, Stephen J. and Pearce, Matthew and Jeon, Justin and Lindsay, Tess and Wareham, Nicholas and Brage, Søren",Nature Medicine,2020,10.1038/s41591-020-1012-3,4,False,,,True,https://pubmed.ncbi.nlm.nih.gov/?term=Wearable-device-measured%20physical%20activity%20and%20future,title_search,False,,,False,,,True,https://scholar.google.com/scholar?q=10.1038/s41591-020-1012-3,doi_search,True,https://link.springer.com/search?query=10.1038/s41591-020-1012-3,doi_search,False,,,True,https://doi.org/10.1038/s41591-020-1012-3,,Springer Science and Business Media LLC
Wright2017ConsumerMonitors,How consumer physical activity monitors could transform human physiology research,"Wright, Stephen P. and Brown, Troy S. H. and Collier, Timmons S. and Sandberg, Katharine","American Journal of Physiology - Regulatory, Integrative and Comparative Physiology",2017,10.1152/ajpregu.00349.2016,4,False,,,True,https://pubmed.ncbi.nlm.nih.gov/?term=How%20consumer%20physical%20activity%20monitors,title_search,False,,,False,,,True,https://scholar.google.com/scholar?q=10.1152/ajpregu.00349.2016,doi_search,True,https://link.springer.com/search?query=10.1152/ajpregu.00349.2016,doi_search,False,,,True,https://doi.org/10.1152/ajpregu.00349.2016,,American Physiological Society
Canalys2024Wearables,Global wearable band market up 0.2\% in Q2 2024 as basic watches take biggest share yet,Canalys,,2024,,1,False,,,False,,,False,,,False,,,True,https://scholar.google.com/scholar?q=Global%20wearable%20band%20market%20up,title_search,False,,,False,,,False,,,
Tajammul2023Statistics,Wearable Technology Statistics: A Tech and Human,"Tajammul, Parvez",,2023,,1,False,,,False,,,False,,,False,,,True,https://scholar.google.com/scholar?q=Wearable%20Technology%20Statistics%3A%20A%20Tech,title_search,False,,,False,,,False,,,
IEC2019Wearables,Form to Annex to the Report to the Standardization Management Board: Wearable electronic devices and technologies,Comisión Electrotécnica Internacional,,2019,,1,False,,,False,,,False,,,False,,,True,https://scholar.google.com/scholar?q=Form%20to%20Annex%20to%20the,title_search,False,,,False,,,False,,,
Apple2024HealthKit,HealthKit Documentation,Apple Inc.,,2024,,2,False,,,True,https://pubmed.ncbi.nlm.nih.gov/?term=HealthKit%20Documentation,title_search,False,,,False,,,True,https://scholar.google.com/scholar?q=HealthKit%20Documentation,title_search,False,,,False,,,False,,,
AppleWatch2024Measure,"Using Apple Watch to measure heart rate, calorimetry, and activity",Apple Inc.,,2024,,1,False,,,False,,,False,,,False,,,True,https://scholar.google.com/scholar?q=Using%20Apple%20Watch%20to%20measure,title_search,False,,,False,,,False,,,
Bonneval2025Validity,Validity of Heart Rate Variability Measured with Apple Watch Series 6 Compared to Laboratory Measures,"Bonneval, Laurent and Wing, Daniel and Sharp, Stephen and Tristao Parra",Sensors,2025,10.3390/s25082380,3,False,,,False,,,False,,,False,,,True,https://scholar.google.com/scholar?q=10.3390/s25082380,doi_search,True,https://link.springer.com/search?query=10.3390/s25082380,doi_search,False,,,True,https://doi.org/10.3390/s25082380,,MDPI AG
Gaur2024AppleHealth,Apple Health Data Analysis,"Gaur, Vinayak",,2024,,2,False,,,True,https://pubmed.ncbi.nlm.nih.gov/?term=Apple%20Health%20Data%20Analysis,title_search,False,,,False,,,True,https://scholar.google.com/scholar?q=Apple%20Health%20Data%20Analysis,title_search,False,,,False,,,False,,,
Alvarez2020EnergyExpenditure,A survey on energy expenditure estimation using wearable devices,"Álvarez, Juan A. and Cvetkovic, Bostjan and Lustrek, Mitja",ACM Computing Surveys,2020,10.1145/3404482,3,False,,,False,,,False,,,False,,,True,https://scholar.google.com/scholar?q=10.1145/3404482,doi_search,True,https://link.springer.com/search?query=10.1145/3404482,doi_search,False,,,True,https://doi.org/10.1145/3404482,,Association for Computing Machinery (ACM)
White2019,Estimating energy expenditure from wrist and thigh accelerometry in free-living adults: a doubly labelled water study,"White, Tom and Westgate, Kate and Hollidge, Stephen and Venables, Michelle and Olivier, Patrick and Wareham, Nicholas and Brage, Søren",International Journal of Obesity,2019,10.1038/s41366-019-0352-x,4,False,,,True,https://pubmed.ncbi.nlm.nih.gov/?term=Estimating%20energy%20expenditure%20from%20wrist,title_search,False,,,False,,,True,https://scholar.google.com/scholar?q=10.1038/s41366-019-0352-x,doi_search,True,https://link.springer.com/search?query=10.1038/s41366-019-0352-x,doi_search,False,,,True,https://doi.org/10.1038/s41366-019-0352-x,,Springer Science and Business Media LLC
Fuller2021Predicting,"Predicting lying, sitting, walking and running using Apple Watch and Fitbit data","Fuller, Daniel and Anaraki",BMJ Open Sport and Exercise Medicine,2021,10.1136/bmjsem-2020-001004,4,False,,,True,https://pubmed.ncbi.nlm.nih.gov/?term=Predicting%20lying%2C%20sitting%2C%20walking%20and,title_search,False,,,False,,,True,https://scholar.google.com/scholar?q=10.1136/bmjsem-2020-001004,doi_search,True,https://link.springer.com/search?query=10.1136/bmjsem-2020-001004,doi_search,False,,,True,https://doi.org/10.1136/bmjsem-2020-001004,,BMJ
Redenius2019Fitbit,Concurrent validity of the Fitbit for assessing sedentary behavior and moderate-to-vigorous physical activity,"Redenius, Nicole and Kim, Youngwon and Byun, Wonwoo",BMC Medical Research Methodology,2019,10.1186/s12874-019-0668-1,4,False,,,True,https://pubmed.ncbi.nlm.nih.gov/?term=Concurrent%20validity%20of%20the%20Fitbit,title_search,False,,,False,,,True,https://scholar.google.com/scholar?q=10.1186/s12874-019-0668-1,doi_search,True,https://link.springer.com/search?query=10.1186/s12874-019-0668-1,doi_search,False,,,True,https://doi.org/10.1186/s12874-019-0668-1,,Springer Science and Business Media LLC
Migueles2022GRANADA,"GRANADA consensus on analytical approaches to assess associations with accelerometer-determined physical behaviours (physical activity, sedentary behaviour and sleep) in epidemiological studies","Migueles, Jairo H. and Aadland, Eivind and Andersen, Lars Bo and Brønd, Jan Christian and Chastin, Sebastien F. and Hansen, Bjørge Herman and Konstabel, Kenn and Kvalheim, Olav M. and McGregor, Duncan E. and Rowlands, Alex V. and Sabia, Séverine and Van Hees",British Journal of Sports Medicine,2022,10.1136/BJSPORTS-2020-103604,4,False,,,True,https://pubmed.ncbi.nlm.nih.gov/?term=GRANADA%20consensus%20on%20analytical%20approaches,title_search,False,,,False,,,True,https://scholar.google.com/scholar?q=10.1136/BJSPORTS-2020-103604,doi_search,True,https://link.springer.com/search?query=10.1136/BJSPORTS-2020-103604,doi_search,False,,,True,https://doi.org/10.1136/BJSPORTS-2020-103604,,BMJ
Farrahi2024MachineLearning,"Machine learning in physical activity, sedentary, and sleep behavior research","Farrahi, Vahid and Rostami, Mehrdad","Journal of Activity, Sedentary and Sleep Behaviors",2024,10.1186/s44167-024-00045-9,3,False,,,False,,,False,,,False,,,True,https://scholar.google.com/scholar?q=10.1186/s44167-024-00045-9,doi_search,True,https://link.springer.com/search?query=10.1186/s44167-024-00045-9,doi_search,False,,,True,https://doi.org/10.1186/s44167-024-00045-9,,Springer Science and Business Media LLC
Khan2024Wearable,A Wearable Inertial Sensor Approach for Locomotion and Localization Recognition on Physical Activity,"Khan, Danish and Al Mudawi",Sensors,2024,10.3390/s24030735,4,False,,,True,https://pubmed.ncbi.nlm.nih.gov/?term=A%20Wearable%20Inertial%20Sensor%20Approach,title_search,False,,,False,,,True,https://scholar.google.com/scholar?q=10.3390/s24030735,doi_search,True,https://link.springer.com/search?query=10.3390/s24030735,doi_search,False,,,True,https://doi.org/10.3390/s24030735,,MDPI AG
Rothney2008Validity,"Validity of physical activity intensity predictions by ActiGraph, Actical, and RT3 accelerometers","Rothney, Megan P. and Schaefer, Emily V. and Neumann, Mary M. and Choi, Leena and Chen, Kong Y.",Obesity,2008,10.1038/oby.2008.279,3,False,,,False,,,False,,,False,,,True,https://scholar.google.com/scholar?q=10.1038/oby.2008.279,doi_search,True,https://link.springer.com/search?query=10.1038/oby.2008.279,doi_search,False,,,True,https://doi.org/10.1038/oby.2008.279,,Wiley
Dinesh2014ActiGraph,ActiGraph activity monitors: The firmware effect,"Dinesh, John and Sasaki, Jeffer and Hickey, Ann and Mavilia, Marissa and Freedson, Patty S.",Medicine and Science in Sports and Exercise,2014,10.1249/MSS.0000000000000145,3,False,,,False,,,False,,,False,,,True,https://scholar.google.com/scholar?q=10.1249/MSS.0000000000000145,doi_search,True,https://link.springer.com/search?query=10.1249/MSS.0000000000000145,doi_search,False,,,True,https://doi.org/10.1249/MSS.0000000000000145,,Ovid Technologies (Wolters Kluwer Health)
GuidelinesHRV1996,"Heart rate variability: Standards of measurement, physiological interpretation, and clinical use",Task Force of the European Society of Cardiology and the North American Society of Pacing and Electrophysiology,European Heart Journal,1996,,1,False,,,False,,,False,,,False,,,True,https://scholar.google.com/scholar?q=Heart%20rate%20variability%3A%20Standards%20of,title_search,False,,,False,,,False,,,
Damoun2024HRV,Heart rate variability measurement and influencing factors: Towards the standardization of methodology,"Damoun, Nihel and Amekran, Yassine and Taiek, Nora and El Hangouche",Global Cardiology Science and Practice,2024,10.21542/gcsp.2024.35,3,False,,,False,,,False,,,False,,,True,https://scholar.google.com/scholar?q=10.21542/gcsp.2024.35,doi_search,True,https://link.springer.com/search?query=10.21542/gcsp.2024.35,doi_search,False,,,True,https://doi.org/10.21542/gcsp.2024.35,,Global Cardiology Science and Practice
Laborde2017Recommendations,"Heart rate variability and cardiac vagal tone in psychophysiological research - Recommendations for experiment planning, data analysis, and data reporting","Laborde, Sylvain and Mosley, Emma and Thayer, Julian F.",Frontiers in Psychology,2017,10.3389/fpsyg.2017.00213,3,False,,,False,,,False,,,False,,,True,https://scholar.google.com/scholar?q=10.3389/fpsyg.2017.00213,doi_search,True,https://link.springer.com/search?query=10.3389/fpsyg.2017.00213,doi_search,False,,,True,https://doi.org/10.3389/fpsyg.2017.00213,,Frontiers Media SA
Quigley2024Publication,Publication guidelines for human heart rate and heart rate variability studies in psychophysiology—Part 1: Physiological underpinnings and foundations of measurement,"Quigley, Karen S. and Gianaros, Peter J. and Norman, Greg J. and Jennings, J. Richard and Berntson, Gary G. and de Geus",Psychophysiology,2024,10.1111/psyp.14604,4,False,,,True,https://pubmed.ncbi.nlm.nih.gov/?term=Publication%20guidelines%20for%20human%20heart,title_search,False,,,False,,,True,https://scholar.google.com/scholar?q=10.1111/psyp.14604,doi_search,True,https://link.springer.com/search?query=10.1111/psyp.14604,doi_search,False,,,True,https://doi.org/10.1111/psyp.14604,,Wiley
Trimmel2015HRV,Heart Rate Variability: Clinical Applications and Interaction between HRV and Heart Rate,,,2015,10.3389/978-2-88919-652-4,3,False,,,False,,,False,,,False,,,True,https://scholar.google.com/scholar?q=10.3389/978-2-88919-652-4,doi_search,True,https://link.springer.com/search?query=10.3389/978-2-88919-652-4,doi_search,False,,,True,https://doi.org/10.3389/978-2-88919-652-4,,Frontiers Media SA
Soares2014Physical,Physical activity and heart rate variability in older adults: The cardiovascular health study,Soares-Miranda,Circulation,2014,10.1161/CIRCULATIONAHA.113.005361,3,False,,,False,,,False,,,False,,,True,https://scholar.google.com/scholar?q=10.1161/CIRCULATIONAHA.113.005361,doi_search,True,https://link.springer.com/search?query=10.1161/CIRCULATIONAHA.113.005361,doi_search,False,,,True,https://doi.org/10.1161/CIRCULATIONAHA.113.005361,,Ovid Technologies (Wolters Kluwer Health)
Pulopulos2018Association,Association between changes in heart rate variability during the anticipation of a stressful situation and the stress-induced cortisol response,"Pulopulos, Matias M. and Vanderhasselt, Marie-Anne and De Raedt",Psychoneuroendocrinology,2018,10.1016/j.psyneuen.2018.05.004,4,True,https://www.sciencedirect.com/search?qs=10.1016/j.psyneuen.2018.05.004,crossref_elsevier,False,,,False,,,False,,,True,https://scholar.google.com/scholar?q=10.1016/j.psyneuen.2018.05.004,doi_search,True,https://link.springer.com/search?query=10.1016/j.psyneuen.2018.05.004,doi_search,False,,,True,https://doi.org/10.1016/j.psyneuen.2018.05.004,,Elsevier BV
Fennell2024Reliability,Inter-day reliability of heart rate complexity and variability metrics in healthy highly active younger and older adults,"Fennell, Christopher R. J. and Mauger, Alexis R. and Hopker, James G.",European Journal of Applied Physiology,2024,10.1007/s00421-023-05373-3,4,False,,,True,https://pubmed.ncbi.nlm.nih.gov/?term=Inter-day%20reliability%20of%20heart%20rate,title_search,False,,,False,,,True,https://scholar.google.com/scholar?q=10.1007/s00421-023-05373-3,doi_search,True,https://link.springer.com/search?query=10.1007/s00421-023-05373-3,doi_search,False,,,True,https://doi.org/10.1007/s00421-023-05373-3,,Springer Science and Business Media LLC
Tavares2017Effects,Effects of guided breath exercise on complex behaviour of heart rate dynamics,"Tavares, Bruno S. and de Paula Vidigal",Clinical Physiology and Functional Imaging,2017,10.1111/cpf.12347,4,False,,,True,https://pubmed.ncbi.nlm.nih.gov/?term=Effects%20of%20guided%20breath%20exercise,title_search,False,,,False,,,True,https://scholar.google.com/scholar?q=10.1111/cpf.12347,doi_search,True,https://link.springer.com/search?query=10.1111/cpf.12347,doi_search,False,,,True,https://doi.org/10.1111/cpf.12347,,Wiley
Krolak2020Artifact,Artifact correction in short-term HRV during strenuous physical exercise,"Królak, Aleksandra and Wiktorski, Tomasz and Bjørkavoll-Bergseth",Sensors,2020,10.3390/s20216372,4,False,,,True,https://pubmed.ncbi.nlm.nih.gov/?term=Artifact%20correction%20in%20short-term%20HRV,title_search,False,,,False,,,True,https://scholar.google.com/scholar?q=10.3390/s20216372,doi_search,True,https://link.springer.com/search?query=10.3390/s20216372,doi_search,False,,,True,https://doi.org/10.3390/s20216372,,MDPI AG
Deka2023Nonlinear,Nonlinear analysis of heart rate variability signals in meditative state: a review and perspective,"Deka, Bhabesh and Deka, Deepak",BioMedical Engineering OnLine,2023,10.1186/S12938-023-01100-3,3,False,,,False,,,False,,,False,,,True,https://scholar.google.com/scholar?q=10.1186/S12938-023-01100-3,doi_search,True,https://link.springer.com/search?query=10.1186/S12938-023-01100-3,doi_search,False,,,True,https://doi.org/10.1186/S12938-023-01100-3,,Springer Science and Business Media LLC
Tanaka2001AgePredicted,Age-Predicted Maximal Heart Rate Revisited,"Tanaka, Hirofumi and Monahan, Kevin D. and Seals, Douglas R.",Journal of the American College of Cardiology,2001,10.1016/S0735-1097(00)01054-8,5,True,https://www.sciencedirect.com/search?qs=10.1016/S0735-1097%2800%2901054-8,crossref_elsevier,True,https://pubmed.ncbi.nlm.nih.gov/?term=Age-Predicted%20Maximal%20Heart%20Rate%20Revisited,title_search,False,,,False,,,True,https://scholar.google.com/scholar?q=10.1016/S0735-1097%2800%2901054-8,doi_search,True,https://link.springer.com/search?query=10.1016/S0735-1097%2800%2901054-8,doi_search,False,,,True,https://doi.org/10.1016/S0735-1097(00)01054-8,,Elsevier BV
Robert2016Importance,Importance of Assessing Cardiorespiratory Fitness in Clinical Practice: A Case for Fitness as a Clinical Vital Sign: A Scientific Statement From the American Heart Association,"Ross, Robert and Blair, Steven N. and Arena, Ross and Church, Timothy S. and Després, Jean-Pierre and Franklin, Barry A. and Haskell, William L. and Kaminsky, Leonard A. and Levine, Benjamin D. and Lavie, Carl J. and Myers, Jonathan and Niebauer, Josef and Sallis, Robert and Sawada, Susumu S. and Sui, Xuemei and Wisløff, Ulrik",Circulation,2016,10.1161/CIR.0000000000000461,4,False,,,True,https://pubmed.ncbi.nlm.nih.gov/?term=Importance%20of%20Assessing%20Cardiorespiratory%20Fitness,title_search,False,,,False,,,True,https://scholar.google.com/scholar?q=10.1161/CIR.0000000000000461,doi_search,True,https://link.springer.com/search?query=10.1161/CIR.0000000000000461,doi_search,False,,,True,https://doi.org/10.1161/CIR.0000000000000461,,Ovid Technologies (Wolters Kluwer Health)
Fox1968Physical,Physical Activity and the Prevention of Coronary Heart Disease,"Fox, Samuel M. and Haskell, William L.",Bulletin of the New York Academy of Medicine,1968,,1,False,,,False,,,False,,,False,,,True,https://scholar.google.com/scholar?q=Physical%20Activity%20and%20the%20Prevention,title_search,False,,,False,,,False,,,
Chaves2017Asociacion,Asociación entre capacidad aeróbica y calidad de vida en adultos mayores de una ciudad colombiana,"Chaves, Mario and Sandoval Cuellar",Revista Peruana de Medicina Experimental y Salud Pública,2017,10.17843/rpmesp.2017.344.2522,3,False,,,False,,,False,,,False,,,True,https://scholar.google.com/scholar?q=10.17843/rpmesp.2017.344.2522,doi_search,True,https://link.springer.com/search?query=10.17843/rpmesp.2017.344.2522,doi_search,False,,,True,https://doi.org/10.17843/rpmesp.2017.344.2522,,Instituto Nacional de Salud (Peru)
Gonzalez2018Analisis,Análisis de la capacidad aeróbica como cualidad esencial de la condición física de los estudiantes: Una revisión sistemática,"González, Guillermo and Ortega, Zurisaday and San, Saúl and Mata, Rebeca and Cortés, José Antonio and Molero, Pablo P. and Cuberos, Ramón C.",Retos,2018,,1,False,,,False,,,False,,,False,,,True,https://scholar.google.com/scholar?q=An%C3%A1lisis%20de%20la%20capacidad%20aer%C3%B3bica,title_search,False,,,False,,,False,,,
Lu2022Associations,Associations between Objectively Determined Physical Activity and Cardiometabolic Health in Adult Women: A Systematic Review and Meta-Analysis,"Lu, Yanan and Wiltshire, Heather D. and Baker, Julien S. and Wang, Qiaojun and Ying, Shanshan and Li, Jianshe and Lu, Yongming",Biology,2022,10.3390/BIOLOGY11060925,4,False,,,True,https://pubmed.ncbi.nlm.nih.gov/?term=Associations%20between%20Objectively%20Determined%20Physical,title_search,False,,,False,,,True,https://scholar.google.com/scholar?q=10.3390/BIOLOGY11060925,doi_search,True,https://link.springer.com/search?query=10.3390/BIOLOGY11060925,doi_search,False,,,True,https://doi.org/10.3390/BIOLOGY11060925,,MDPI AG
Zadeh1965,Fuzzy sets,"Zadeh, Lotfi A.",Information and Control,1965,10.1016/S0019-9958(65)90241-X,5,True,https://www.sciencedirect.com/search?qs=10.1016/S0019-9958%2865%2990241-X,crossref_elsevier,True,https://pubmed.ncbi.nlm.nih.gov/?term=Fuzzy%20sets,title_search,False,,,False,,,True,https://scholar.google.com/scholar?q=10.1016/S0019-9958%2865%2990241-X,doi_search,True,https://link.springer.com/search?query=10.1016/S0019-9958%2865%2990241-X,doi_search,False,,,True,https://doi.org/10.1016/S0019-9958(65)90241-X,,Elsevier BV
Ross2010,Fuzzy Logic with Engineering Applications,"Ross, Timothy J.",,2010,,2,False,,,True,https://pubmed.ncbi.nlm.nih.gov/?term=Fuzzy%20Logic%20with%20Engineering%20Applications,title_search,False,,,False,,,True,https://scholar.google.com/scholar?q=Fuzzy%20Logic%20with%20Engineering%20Applications,title_search,False,,,False,,,False,,,
Tsoukalas1997FuzzyControl,Fuzzy and Neural Approaches in Engineering,"Tsoukalas, Lefteri H. and Uhrig, Robert E.",,1997,,1,False,,,False,,,False,,,False,,,True,https://scholar.google.com/scholar?q=Fuzzy%20and%20Neural%20Approaches%20in,title_search,False,,,False,,,False,,,
Levitz1979Logic,Logic and Boolean Algebra,"Levitz, Kathleen and Levitz, Hilbert",,1979,,2,False,,,True,https://pubmed.ncbi.nlm.nih.gov/?term=Logic%20and%20Boolean%20Algebra,title_search,False,,,False,,,True,https://scholar.google.com/scholar?q=Logic%20and%20Boolean%20Algebra,title_search,False,,,False,,,False,,,
FuzzyExpertSystems,Fuzzy Expert Systems and Fuzzy Reasoning,LinG Team,,,,1,False,,,False,,,False,,,False,,,True,https://scholar.google.com/scholar?q=Fuzzy%20Expert%20Systems%20and%20Fuzzy,title_search,False,,,False,,,False,,,
Gupta2011Tribute,Forty-five years of fuzzy sets and fuzzy logic—A tribute to professor Lotfi A. Zadeh (the father of fuzzy logic),"Gupta, Madan M.",Scientia Iranica,2011,10.1016/j.scient.2011.04.023,4,True,https://www.sciencedirect.com/search?qs=10.1016/j.scient.2011.04.023,crossref_elsevier,False,,,False,,,False,,,True,https://scholar.google.com/scholar?q=10.1016/j.scient.2011.04.023,doi_search,True,https://link.springer.com/search?query=10.1016/j.scient.2011.04.023,doi_search,False,,,True,https://doi.org/10.1016/j.scient.2011.04.023,,Elsevier BV
Strefezza2009Logica,"Lógica difusa, un punto de vista","Strefezza, M.",Revista Ciencia e Ingeniería,2009,,1,False,,,False,,,False,,,False,,,True,https://scholar.google.com/scholar?q=L%C3%B3gica%20difusa%2C%20un%20punto%20de,title_search,False,,,False,,,False,,,
Ahmadi2018Diseases,Diseases diagnosis using fuzzy logic methods: A systematic and meta-analysis review,"Ahmadi, Hossein and Gholamzadeh, Mostafa and Shahmoradi, Leila and Nilashi, Mehrbakhsh and Rashvand, Parvaneh",Computer Methods and Programs in Biomedicine,2018,10.1016/j.cmpb.2018.04.013,5,True,https://www.sciencedirect.com/search?qs=10.1016/j.cmpb.2018.04.013,crossref_elsevier,True,https://pubmed.ncbi.nlm.nih.gov/?term=Diseases%20diagnosis%20using%20fuzzy%20logic,title_search,False,,,False,,,True,https://scholar.google.com/scholar?q=10.1016/j.cmpb.2018.04.013,doi_search,True,https://link.springer.com/search?query=10.1016/j.cmpb.2018.04.013,doi_search,False,,,True,https://doi.org/10.1016/j.cmpb.2018.04.013,,Elsevier BV
Kaur2022,Fuzzy Logic and Hybrid based Approaches for the Risk of Heart Disease Detection: State-of-the-Art Review,"Kaur, Jasleen and Khehra, Balwinder Singh",Journal of The Institution of Engineers (India): Series B,2022,10.1007/s40031-021-00644-z,3,False,,,False,,,False,,,False,,,True,https://scholar.google.com/scholar?q=10.1007/s40031-021-00644-z,doi_search,True,https://link.springer.com/search?query=10.1007/s40031-021-00644-z,doi_search,False,,,True,https://doi.org/10.1007/s40031-021-00644-z,,Springer Science and Business Media LLC
Shetty2018Medical,Medical Diagnosis using Fuzzy Logic,"Shetty, Rashmi",International Journal for Research in Applied Science and Engineering Technology,2018,10.22214/ijraset.2018.4823,4,False,,,True,https://pubmed.ncbi.nlm.nih.gov/?term=Medical%20Diagnosis%20using%20Fuzzy%20Logic,title_search,False,,,False,,,True,https://scholar.google.com/scholar?q=10.22214/ijraset.2018.4823,doi_search,True,https://link.springer.com/search?query=10.22214/ijraset.2018.4823,doi_search,False,,,True,https://doi.org/10.22214/ijraset.2018.4823,,International Journal for Research in Applied Science and Engineering Technology (IJRASET)
Alam2022Disease,Disease diagnosis system using IoT empowered with fuzzy inference system,"Alam, Talha Mahboob and Shaukat, Kamran and Khelifi, Abdennour and Khan, Wasim Ahmad and Raza, Hafiz Muhammad Ehtisham and Idrees, Muhammad and Luo, Suhuai and Hameed, Ibrahim A.","Computers, Materials and Continua",2022,10.32604/cmc.2022.020344,3,False,,,False,,,False,,,False,,,True,https://scholar.google.com/scholar?q=10.32604/cmc.2022.020344,doi_search,True,https://link.springer.com/search?query=10.32604/cmc.2022.020344,doi_search,False,,,True,https://doi.org/10.32604/cmc.2022.020344,,Tech Science Press
Szulc2023Model,Model of the Performance Based on Artificial Intelligence–Fuzzy Logic Description of Physical Activity,"Szulc, Andrzej and Prokopowicz, Piotr and Buśko, Krzysztof and Mikołajewski, Dariusz",Sensors,2023,10.3390/s23031117,3,False,,,False,,,False,,,False,,,True,https://scholar.google.com/scholar?q=10.3390/s23031117,doi_search,True,https://link.springer.com/search?query=10.3390/s23031117,doi_search,False,,,True,https://doi.org/10.3390/s23031117,,MDPI AG
Zakaria2023Fuzzy,The Use of Fuzzy Linear Regression Modeling to Predict High-risk Symptoms of Lung Cancer in Malaysia,Syaffa Zakaria,International Journal of Advanced Computer Science and Applications,2023,,1,False,,,False,,,False,,,False,,,True,https://scholar.google.com/scholar?q=The%20Use%20of%20Fuzzy%20Linear,title_search,False,,,False,,,False,,,
Escalante2023,Explainable Artificial Intelligence in Wearable Health Monitoring Systems: Towards Transparent and Trustworthy Algorithms,"Escalante, Hugo Jair and Martínez-Carranza, José and others",Sensors,2023,10.3390/s23031442,3,False,,,False,,,False,,,False,,,True,https://scholar.google.com/scholar?q=10.3390/s23031442,doi_search,True,https://link.springer.com/search?query=10.3390/s23031442,doi_search,False,,,True,https://doi.org/10.3390/s23031442,,MDPI AG
Liu2022,The Bring-Your-Own-Device (BYOD) Model in Digital Health Research: Practical Considerations and Ethical Challenges,"Liu, Ying and Chen, Jing and Wu, Min",Journal of Medical Internet Research,2022,10.2196/35410,2,False,,,False,,,False,,,False,,,True,https://scholar.google.com/scholar?q=10.2196/35410,doi_search,True,https://link.springer.com/search?query=10.2196/35410,doi_search,False,,,False,,,
Amit2001Computational,Computational Intelligence in Healthcare,Amit Kumar,,2001,,2,False,,,True,https://pubmed.ncbi.nlm.nih.gov/?term=Computational%20Intelligence%20in%20Healthcare,title_search,False,,,False,,,True,https://scholar.google.com/scholar?q=Computational%20Intelligence%20in%20Healthcare,title_search,False,,,False,,,False,,,
Vellido2020Importance,The importance of interpretability and visualization in machine learning for applications in medicine and health care,"Vellido, Alfredo",Neural Computing and Applications,2020,10.1007/S00521-019-04051-W,3,False,,,False,,,False,,,False,,,True,https://scholar.google.com/scholar?q=10.1007/S00521-019-04051-W,doi_search,True,https://link.springer.com/search?query=10.1007/S00521-019-04051-W,doi_search,False,,,True,https://doi.org/10.1007/S00521-019-04051-W,,Springer Science and Business Media LLC
Yoo2012DataMining,Data mining in healthcare and biomedicine: A survey of the literature,"Yoo, Illhoi and Alafaireet, Patricia and Marinov, Miroslav and Pena-Hernandez",Journal of Medical Systems,2012,10.1007/s10916-011-9710-5,3,False,,,False,,,False,,,False,,,True,https://scholar.google.com/scholar?q=10.1007/s10916-011-9710-5,doi_search,True,https://link.springer.com/search?query=10.1007/s10916-011-9710-5,doi_search,False,,,True,https://doi.org/10.1007/s10916-011-9710-5,,Springer Science and Business Media LLC
Santos2021Perceptions,The perceptions of medical physicists towards relevance and impact of artificial intelligence,"Santos, Jessica Carvalho and Wong, Jeannie Hsiu Ding and Pallath, Vinod and Ng, Kwan Hoong",Physical and Engineering Sciences in Medicine,2021,10.1007/s13246-021-01036-9,4,False,,,True,https://pubmed.ncbi.nlm.nih.gov/?term=The%20perceptions%20of%20medical%20physicists,title_search,False,,,False,,,True,https://scholar.google.com/scholar?q=10.1007/s13246-021-01036-9,doi_search,True,https://link.springer.com/search?query=10.1007/s13246-021-01036-9,doi_search,False,,,True,https://doi.org/10.1007/s13246-021-01036-9,,Springer Science and Business Media LLC
Paganelli2022RealTime,Real-time data analysis in health monitoring systems: A comprehensive systematic literature review,"Paganelli, Anselmo Ieno and Mondéjar, Alejandro García and da Silva",Journal of Biomedical Informatics,2022,10.1016/j.jbi.2022.104009,5,True,https://www.sciencedirect.com/search?qs=10.1016/j.jbi.2022.104009,crossref_elsevier,True,https://pubmed.ncbi.nlm.nih.gov/?term=Real-time%20data%20analysis%20in%20health,title_search,False,,,False,,,True,https://scholar.google.com/scholar?q=10.1016/j.jbi.2022.104009,doi_search,True,https://link.springer.com/search?query=10.1016/j.jbi.2022.104009,doi_search,False,,,True,https://doi.org/10.1016/j.jbi.2022.104009,,Elsevier BV
SyedAbdul2020DataAnalytics,Data Analytics and Applications of the Wearable Sensors in Healthcare,Syed-Abdul,Sensors,2020,,1,False,,,False,,,False,,,False,,,True,https://scholar.google.com/scholar?q=Data%20Analytics%20and%20Applications%20of,title_search,False,,,False,,,False,,,
Tefera2024Advanced,Advanced Denoising and Meta-Learning Techniques for Enhancing Smart Health Monitoring Using Wearable Sensors,"Tefera, Muluneh Alitah and Dehnaw, Addisu Mekonnen and Manie, Yibeltal Chanie and Yao, Che-Kai",Future Internet,2024,10.3390/fi16080280,3,False,,,False,,,False,,,False,,,True,https://scholar.google.com/scholar?q=10.3390/fi16080280,doi_search,True,https://link.springer.com/search?query=10.3390/fi16080280,doi_search,False,,,True,https://doi.org/10.3390/fi16080280,,MDPI AG
Bhuyan2016Mobile,Use of Mobile Health Applications for Health-Seeking Behavior Among US Adults,"Bhuyan, Soumitra S. and Lu, Na and Chandak, Aashish and Kim, Hyojung and Wyant, Dana and Bhatt, Jay and Kedia, Satish and Chang, Chien-Fang",Journal of Medical Systems,2016,10.1007/s10916-016-0492-7,3,False,,,False,,,False,,,False,,,True,https://scholar.google.com/scholar?q=10.1007/s10916-016-0492-7,doi_search,True,https://link.springer.com/search?query=10.1007/s10916-016-0492-7,doi_search,False,,,True,https://doi.org/10.1007/s10916-016-0492-7,,Springer Science and Business Media LLC
Martinez2020Revolucion,Revolución tecnológica e inclusión social: Reflexiones sobre desafíos y oportunidades para la política social en América Latina,"Martínez, Rodrigo and Palma, Amalia and Velásquez, Andrea",,2020,,1,False,,,False,,,False,,,False,,,True,https://scholar.google.com/scholar?q=Revoluci%C3%B3n%20tecnol%C3%B3gica%20e%20inclusi%C3%B3n%20social%3A,title_search,False,,,False,,,False,,,
GlobalPAQ,Global Physical Activity Questionnaire Analysis Guide (GPAQ),,,,,1,False,,,False,,,False,,,False,,,True,https://scholar.google.com/scholar?q=Global%20Physical%20Activity%20Questionnaire%20Analysis,title_search,False,,,False,,,False,,,
Meusel2006Framework,"Global Strategy on Diet, Physical Activity and Health: A framework to monitor and evaluate implementation","Meusel, D and Höger, C and Pérez-Rodrigo",,2006,,2,False,,,True,https://pubmed.ncbi.nlm.nih.gov/?term=Global%20Strategy%20on%20Diet%2C%20Physical,title_search,False,,,False,,,True,https://scholar.google.com/scholar?q=Global%20Strategy%20on%20Diet%2C%20Physical,title_search,False,,,False,,,False,,,
BIOMEDICAS2023,Aplicativo de Asistencia Deportiva a Partir del Procesamiento de Señales Fisiológicas,Robinson Alberto Torres Villa,,2023,,1,False,,,False,,,False,,,False,,,True,https://scholar.google.com/scholar?q=Aplicativo%20de%20Asistencia%20Deportiva%20a,title_search,False,,,False,,,False,,,
RodriguezOntiveros2021,Aplicaciones de sensores vestibles y teléfonos inteligentes en el bienestar personal: Cuantificación de la actividad física y control de la práctica de mindfulness,"Rodríguez Ontiveros, Víctor Hugo and García Plaza, Víctor and Sanz",,2021,,1,False,,,False,,,False,,,False,,,True,https://scholar.google.com/scholar?q=Aplicaciones%20de%20sensores%20vestibles%20y,title_search,False,,,False,,,False,,,
Reyes2023Actividad,Actividad física incidental: avanzar en un paradigma de actividad física integrado y multidimensional,"Reyes Molina, Damián and Zapata Lamana, Rafael and Cigarroa, Igor and Palma Leal, Ximena and Aguilar Farías, Nicolás and Nazar, Gabriela",Revista Médica de Chile,2023,10.4067/s0034-98872023000400530,3,False,,,False,,,False,,,False,,,True,https://scholar.google.com/scholar?q=10.4067/s0034-98872023000400530,doi_search,True,https://link.springer.com/search?query=10.4067/s0034-98872023000400530,doi_search,False,,,True,https://doi.org/10.4067/s0034-98872023000400530,,SciELO Agencia Nacional de Investigacion y Desarrollo (ANID)
Matic_SedentaryHRV,Sedentary Work Style and Heart Rate Variability: a Short Term Analysis,"Matic, Aleksandar and Cipresso, Pietro and Osmani, Venet and Serino, Silvia and Popleteev, Andrei and Gaggioli, Andrea and Mayora, Oscar and Riva, Giuseppe",,,,1,False,,,False,,,False,,,False,,,True,https://scholar.google.com/scholar?q=Sedentary%20Work%20Style%20and%20Heart,title_search,False,,,False,,,False,,,
HypertensionHRV,The Role of Heart Rate Variability (HRV) in Different Hypertensive Syndromes,,Diagnostics,2023,10.3390/diagnostics,3,False,,,False,,,False,,,False,,,True,https://scholar.google.com/scholar?q=10.3390/diagnostics,doi_search,True,https://link.springer.com/search?query=10.3390/diagnostics,doi_search,False,,,True,https://doi.org/10.3390/diagnostics,,MDPI AG
VanoliHRV,Heart rate variability during specific sleep stages,,,,,1,False,,,False,,,False,,,False,,,True,https://scholar.google.com/scholar?q=Heart%20rate%20variability%20during%20specific,title_search,False,,,False,,,False,,,
Goncalves2021,Human Activity Recognition,"Gonçalves, R. and Pereira, F. L. and Ribeiro, V. M. and Rocha, A. P.",,2021,,2,False,,,True,https://pubmed.ncbi.nlm.nih.gov/?term=Human%20Activity%20Recognition,title_search,False,,,False,,,True,https://scholar.google.com/scholar?q=Human%20Activity%20Recognition,title_search,False,,,False,,,False,,,
Razjouyan2018Frailty,Wearable Sensors and the Assessment of Frailty among Vulnerable Older Adults: An Observational Cohort Study,"Razjouyan, Javad and Naik, Aanand D. and Horstman, Molly J. and Kunik, Mark E. and Amirmazaheri, Mona and Zhou, Hong and Sharafkhaneh, Amir and Najafi, Bijan",Sensors,2018,10.3390/s18051336,3,False,,,False,,,False,,,False,,,True,https://scholar.google.com/scholar?q=10.3390/s18051336,doi_search,True,https://link.springer.com/search?query=10.3390/s18051336,doi_search,False,,,True,https://doi.org/10.3390/s18051336,,MDPI AG
Kaveh2024,Wireless ear EEG,"Kaveh, R. and Schwendeman, C. and Pu, L. and Arias, A. C. and Muller, R.",Nature Communications,2024,10.1038/s41467-024-48682-7,4,False,,,True,https://pubmed.ncbi.nlm.nih.gov/?term=Wireless%20ear%20EEG,title_search,False,,,False,,,True,https://scholar.google.com/scholar?q=10.1038/s41467-024-48682-7,doi_search,True,https://link.springer.com/search?query=10.1038/s41467-024-48682-7,doi_search,False,,,True,https://doi.org/10.1038/s41467-024-48682-7,,Springer Science and Business Media LLC
Ricotti2023DMD,Wearable full-body motion tracking of activities of daily living predicts disease trajectory in D,"Ricotti, Valeria and Kadirvelu, Balasundaram and Selby, Victoria and Festenstein, Richard and Mercuri, Eugenio and Voit, Thomas and Faisal, Aldo A.",Nature Medicine,2023,10.1038/s41591-022-02045-1,4,False,,,True,https://pubmed.ncbi.nlm.nih.gov/?term=Wearable%20full-body%20motion%20tracking%20of,title_search,False,,,False,,,True,https://scholar.google.com/scholar?q=10.1038/s41591-022-02045-1,doi_search,True,https://link.springer.com/search?query=10.1038/s41591-022-02045-1,doi_search,False,,,True,https://doi.org/10.1038/s41591-022-02045-1,,Springer Science and Business Media LLC
Crozat2025,Every Step Counts—How Can We Accurately Count Steps with Wearable Sensors During Activities of Daily Living in Individuals with Neurological Conditions?,"Crozat, F. and Pohl, J. and Easthope Awai",Sensors,2025,10.3390/s25185657,3,False,,,False,,,False,,,False,,,True,https://scholar.google.com/scholar?q=10.3390/s25185657,doi_search,True,https://link.springer.com/search?query=10.3390/s25185657,doi_search,False,,,True,https://doi.org/10.3390/s25185657,,MDPI AG
Lu2018Fusion,"Fusion of Heart Rate, Respiration and Motion Measurements from a Wearable Sensor System to Enhance Energy Expenditure Estimation","Lu, Kai and Yang, Lei and Seoane, Fernando and Abtahi, Farhad and Forsman, Mikael and Lindecrantz, Kaj",Sensors,2018,10.3390/s18093092,4,False,,,True,https://pubmed.ncbi.nlm.nih.gov/?term=Fusion%20of%20Heart%20Rate%2C%20Respiration,title_search,False,,,False,,,True,https://scholar.google.com/scholar?q=10.3390/s18093092,doi_search,True,https://link.springer.com/search?query=10.3390/s18093092,doi_search,False,,,True,https://doi.org/10.3390/s18093092,,MDPI AG
Alinia2020,Pervasive Lying Posture Tracking,"Alinia, Parastoo and Samadani, Ali and Milosevic, Mladen and Ghasemzadeh, Hassan and Parvaneh, Saman",Sensors,2020,10.3390/s20205953,4,False,,,True,https://pubmed.ncbi.nlm.nih.gov/?term=Pervasive%20Lying%20Posture%20Tracking,title_search,False,,,False,,,True,https://scholar.google.com/scholar?q=10.3390/s20205953,doi_search,True,https://link.springer.com/search?query=10.3390/s20205953,doi_search,False,,,True,https://doi.org/10.3390/s20205953,,MDPI AG
Mullick2022,Predicting Depression in Adolescents Using Mobile and Wearable Sensors: Multimodal Machine Learning–Based Exploratory Study,"Mullick, Tasmiyah and Radovic, Ana and Shaaban, Suhaib and Doryab, Afsaneh",JMIR Formative Research,2022,10.2196/35807,3,False,,,False,,,False,,,False,,,True,https://scholar.google.com/scholar?q=10.2196/35807,doi_search,True,https://link.springer.com/search?query=10.2196/35807,doi_search,False,,,True,https://doi.org/10.2196/35807,,JMIR Publications Inc.
Unzueta2025Pediatric,Smartphone Ecological Momentary Assessment and Wearable Activity Tracking in Pediatric Depression: Cohort Study,Unzueta Saavedra,JMIR Formative Research,2025,10.2196/66187,3,False,,,False,,,False,,,False,,,True,https://scholar.google.com/scholar?q=10.2196/66187,doi_search,True,https://link.springer.com/search?query=10.2196/66187,doi_search,False,,,True,https://doi.org/10.2196/66187,,JMIR Publications Inc.
Cao2022Imputation,Review and evaluation of imputation methods for multivariate longitudinal data with mixed-type incomplete variables,"Cao, Yishu and Allore, Heather and Vander Wyk",Statistics in Medicine,2022,10.1002/sim.9592,4,False,,,True,https://pubmed.ncbi.nlm.nih.gov/?term=Review%20and%20evaluation%20of%20imputation,title_search,False,,,False,,,True,https://scholar.google.com/scholar?q=10.1002/sim.9592,doi_search,True,https://link.springer.com/search?query=10.1002/sim.9592,doi_search,False,,,True,https://doi.org/10.1002/sim.9592,,Wiley
Grund2021mdmb,Multiple imputation of missing data in multilevel models with the R,"Grund, Simon and Lüdtke, Oliver and Robitzsch, Alexander",Behavior Research Methods,2021,10.3758/s13428-020-01530-0,3,False,,,False,,,False,,,False,,,True,https://scholar.google.com/scholar?q=10.3758/s13428-020-01530-0,doi_search,True,https://link.springer.com/search?query=10.3758/s13428-020-01530-0,doi_search,False,,,True,https://doi.org/10.3758/s13428-020-01530-0,,Springer Science and Business Media LLC
Ho2022,Accuracy of wrist-worn wearable devices for determining exercise intensity,"Ho, Wei Tian and Yang, Yu Jen and Li, Tsung Chieh",Digital Health,2022,10.1177/20552076221124393,4,False,,,True,https://pubmed.ncbi.nlm.nih.gov/?term=Accuracy%20of%20wrist-worn%20wearable%20devices,title_search,False,,,False,,,True,https://scholar.google.com/scholar?q=10.1177/20552076221124393,doi_search,True,https://link.springer.com/search?query=10.1177/20552076221124393,doi_search,False,,,True,https://doi.org/10.1177/20552076221124393,,SAGE Publications
Schrack2018,Using heart rate and accelerometry to define quantity and intensity of physical activity in older adults,"Schrack, Jennifer A. and Cooper, Rachel and Koster, Annemarie and Shiroma, Eric J. and Murabito, Joanne M. and Rejeski, W. Jack and Ferrucci, Luigi and Harris, Tamara B.",The Journals of Gerontology: Series A,2018,10.1093/gerona/gly029,3,False,,,False,,,False,,,False,,,True,https://scholar.google.com/scholar?q=10.1093/gerona/gly029,doi_search,True,https://link.springer.com/search?query=10.1093/gerona/gly029,doi_search,False,,,True,https://doi.org/10.1093/gerona/gly029,,Oxford University Press (OUP)
Bent2020PPG,Investigating sources of inaccuracy in wearable optical heart rate sensors,"Bent, Brinnae and Goldstein, Benjamin A. and Kibbe, Warren A. and Dunn, Jessilyn P.",npj Digital Medicine,2020,10.1038/s41746-020-0226-6,4,False,,,True,https://pubmed.ncbi.nlm.nih.gov/?term=Investigating%20sources%20of%20inaccuracy%20in,title_search,False,,,False,,,True,https://scholar.google.com/scholar?q=10.1038/s41746-020-0226-6,doi_search,True,https://link.springer.com/search?query=10.1038/s41746-020-0226-6,doi_search,False,,,True,https://doi.org/10.1038/s41746-020-0226-6,,Springer Science and Business Media LLC
Biswas2019CorNET,CorNET,"Biswas, Dwaipayan and Everson, Lorita and Liu, Meina and Panwar, Madhuri and Verhoef, Bart E. and Patki, Shruti and Kim, Chul H. and Acharyya, Amit and Van Hoof",IEEE Transactions on Biomedical Circuits and Systems,2019,10.1109/TBCAS.2019.2892297,4,False,,,True,https://pubmed.ncbi.nlm.nih.gov/?term=CorNET,title_search,False,,,False,,,True,https://scholar.google.com/scholar?q=10.1109/TBCAS.2019.2892297,doi_search,True,https://link.springer.com/search?query=10.1109/TBCAS.2019.2892297,doi_search,False,,,True,https://doi.org/10.1109/TBCAS.2019.2892297,,Institute of Electrical and Electronics Engineers (IEEE)
Munoz2024Heckman,Multiple imputation of incomplete multilevel data using H,"Muñoz, John and Manera, Francesca and Caamaño, Javier and Saeys, Yvan",Statistics in Medicine,2024,10.1002/sim.9965,4,False,,,True,https://pubmed.ncbi.nlm.nih.gov/?term=Multiple%20imputation%20of%20incomplete%20multilevel,title_search,False,,,False,,,True,https://scholar.google.com/scholar?q=10.1002/sim.9965,doi_search,True,https://link.springer.com/search?query=10.1002/sim.9965,doi_search,False,,,True,https://doi.org/10.1002/sim.9965,,Wiley
Dooley2024Compliance,Does wrist-worn accelerometer wear compliance wane over a free-living assessment period? A,"Dooley, Erin E. and Golaszewski, Norrina M. and Bartholomew, John B. and Hastings, Jordan and Swartz, Ann M. and Strath, Scott J. and Gabriel, Kelley Pettee and Jakicic, John M.",Medicine \& Science in Sports \& Exercise,2024,10.1249/MSS.0000000000003310,4,False,,,True,https://pubmed.ncbi.nlm.nih.gov/?term=Does%20wrist-worn%20accelerometer%20wear%20compliance,title_search,False,,,False,,,True,https://scholar.google.com/scholar?q=10.1249/MSS.0000000000003310,doi_search,True,https://link.springer.com/search?query=10.1249/MSS.0000000000003310,doi_search,False,,,True,https://doi.org/10.1249/MSS.0000000000003310,,Ovid Technologies (Wolters Kluwer Health)
VanLaerhoven2024Quality,Mitigating data quality challenges in ambulatory wrist-worn wearable monitoring through analytical and practical approaches,Van Laerhoven,Scientific Reports,2024,10.1038/s41598-024-67767-3,4,False,,,True,https://pubmed.ncbi.nlm.nih.gov/?term=Mitigating%20data%20quality%20challenges%20in,title_search,False,,,False,,,True,https://scholar.google.com/scholar?q=10.1038/s41598-024-67767-3,doi_search,True,https://link.springer.com/search?query=10.1038/s41598-024-67767-3,doi_search,False,,,True,https://doi.org/10.1038/s41598-024-67767-3,,Springer Science and Business Media LLC
Ellis2019Personalization,Classifier personalization for activity recognition using wrist accelerometers,"Ellis, Kathleen and Kerr, Jacqueline and Godbole, Suneeta and Staudenmayer, John and Lanckriet, Gert",IEEE Journal of Biomedical and Health Informatics,2019,10.1109/JBHI.2018.2872892,3,False,,,True,https://pubmed.ncbi.nlm.nih.gov/?term=Classifier%20personalization%20for%20activity%20recognition,title_search,False,,,False,,,True,https://scholar.google.com/scholar?q=10.1109/JBHI.2018.2872892,doi_search,True,https://link.springer.com/search?query=10.1109/JBHI.2018.2872892,doi_search,False,,,False,,,
Davoudi2024Framework,A framework for handling missing accelerometer outcome data in trials,"Davoudi, Amir and Dooley, Erin E. and Strath, Scott J. and Vyas, Aditya J. and Duarte, Carla W. and Ranka, Sanjay",Trials,2021,10.1186/s13063-021-05328-w,3,False,,,True,https://pubmed.ncbi.nlm.nih.gov/?term=A%20framework%20for%20handling%20missing,title_search,False,,,False,,,True,https://scholar.google.com/scholar?q=10.1186/s13063-021-05328-w,doi_search,True,https://link.springer.com/search?query=10.1186/s13063-021-05328-w,doi_search,False,,,False,,,
Migueles2019GGIR,GGIR,"Migueles, Jairo H. and Rowlands, Alex V. and Huber, Florian and Sabia, Séverine and van Hees",Journal for the Measurement of Physical Behaviour,2019,10.1123/jmpb.2018-0063,4,False,,,True,https://pubmed.ncbi.nlm.nih.gov/?term=GGIR,title_search,False,,,False,,,True,https://scholar.google.com/scholar?q=10.1123/jmpb.2018-0063,doi_search,True,https://link.springer.com/search?query=10.1123/jmpb.2018-0063,doi_search,False,,,True,https://doi.org/10.1123/jmpb.2018-0063,,Human Kinetics
Lerma2018Validity,Validity of heart rate-based physical activity monitors in older adults with varying aerobic fitness levels,"Lerma, Nancy L. and Cho, Chung C. and Swartz, Ann M. and Miller, Nathan E. and Keenan, Kevin G. and Strath, Scott J.",Journal of Aging and Physical Activity,2018,10.1123/japa.2017-0201,2,False,,,False,,,False,,,False,,,True,https://scholar.google.com/scholar?q=10.1123/japa.2017-0201,doi_search,True,https://link.springer.com/search?query=10.1123/japa.2017-0201,doi_search,False,,,False,,,
Shan2022Diabetes,Digital health technology and mobile devices for the management of diabetes mellitus: State of the art,"Shan, Rui and Sarkar, Samrachana and Martin, Seth S.",Diabetologia,2022,10.1007/s00125-022-05781-3,2,False,,,False,,,False,,,False,,,True,https://scholar.google.com/scholar?q=10.1007/s00125-022-05781-3,doi_search,True,https://link.springer.com/search?query=10.1007/s00125-022-05781-3,doi_search,False,,,False,,,
Yamada2019,Accuracy of 12 wearable devices for estimating physical activity energy expenditure using a metabolic chamber and the doubly labeled water method: Validation study,"Yamada, Yosuke and Yoshida, Tsukasa and Yokoyama, Kumpei and Watanabe, Yuki and Miyake, Motoko and Yamagata, Emi and Yamada, Minoru and Kimura, Misaka and Kyoto-Kameoka Study Group",JMIR mHealth and uHealth,2019,10.2196/13938,4,False,,,True,https://pubmed.ncbi.nlm.nih.gov/?term=Accuracy%20of%2012%20wearable%20devices,title_search,False,,,False,,,True,https://scholar.google.com/scholar?q=10.2196/13938,doi_search,True,https://link.springer.com/search?query=10.2196/13938,doi_search,False,,,True,https://doi.org/10.2196/13938,,JMIR Publications Inc.
TaskForce1996,"Heart rate variability: Standards of measurement, physiological interpretation and clinical use",Task Force of the European Society of Cardiology and the North American Society of Pacing and Electrophysiology,Circulation,1996,10.1161/01.CIR.93.5.1043,3,False,,,False,,,False,,,False,,,True,https://scholar.google.com/scholar?q=10.1161/01.CIR.93.5.1043,doi_search,True,https://link.springer.com/search?query=10.1161/01.CIR.93.5.1043,doi_search,False,,,True,https://doi.org/10.1161/01.CIR.93.5.1043,,Ovid Technologies (Wolters Kluwer Health)
Laborde2017,"Heart rate variability and cardiac vagal tone in psychophysiological research – Recommendations for experiment planning, data analysis, and data reporting","Laborde, Sylvain and Mosley, Emma and Thayer, Julian F.",Frontiers in Psychology,2017,10.3389/fpsyg.2017.00213,3,False,,,False,,,False,,,False,,,True,https://scholar.google.com/scholar?q=10.3389/fpsyg.2017.00213,doi_search,True,https://link.springer.com/search?query=10.3389/fpsyg.2017.00213,doi_search,False,,,True,https://doi.org/10.3389/fpsyg.2017.00213,,Frontiers Media SA
Soares-Miranda2014,Physical activity and heart rate variability in older adults: The cardiovascular health study,"Soares-Miranda, Luísa and Sattelmair, Jacob and Chaves, Paulo and Duncan, Glen E. and Siscovick, David S. and Stein, Phyllis K. and Mozaffarian, Dariush",Circulation,2014,10.1161/CIRCULATIONAHA.113.005361,3,False,,,False,,,False,,,False,,,True,https://scholar.google.com/scholar?q=10.1161/CIRCULATIONAHA.113.005361,doi_search,True,https://link.springer.com/search?query=10.1161/CIRCULATIONAHA.113.005361,doi_search,False,,,True,https://doi.org/10.1161/CIRCULATIONAHA.113.005361,,Ovid Technologies (Wolters Kluwer Health)
Prince2008,A comparison of direct versus self-report measures for assessing physical activity in adults: A systematic review,"Prince, Stephanie A. and Adamo, Kristi B. and Hamel, Meghan E. and Hardt, Jill and Gorber, Sarah Connor and Tremblay, Mark",International Journal of Behavioral Nutrition and Physical Activity,2008,10.1186/1479-5868-5-56,3,False,,,False,,,False,,,False,,,True,https://scholar.google.com/scholar?q=10.1186/1479-5868-5-56,doi_search,True,https://link.springer.com/search?query=10.1186/1479-5868-5-56,doi_search,False,,,True,https://doi.org/10.1186/1479-5868-5-56,,Springer Science and Business Media LLC
Healy2024,It's about time to exercise: development of the Exercise Participation Explained in Relation to Time (EXPERT,"Healy, Sean and Patterson, Fiona and Biddle, Stuart J.H. and Dumuid, Dorothea and Glorieux, Ignace and Olds, Timothy and Woods, Catherine and Bauman, Adrian E. and Gába, Aleš and Herring, Matthew P. and Kastelic, Kaja and Lachapelle, Ugo and Volpe, Stella L. and Tomat, Sasha Bogdanovic and Pedisic, Zeljko",British Journal of Sports Medicine,2024,10.1136/bjsports-2024-108500,3,False,,,False,,,False,,,False,,,True,https://scholar.google.com/scholar?q=10.1136/bjsports-2024-108500,doi_search,True,https://link.springer.com/search?query=10.1136/bjsports-2024-108500,doi_search,False,,,True,https://doi.org/10.1136/bjsports-2024-108500,,BMJ
Sokolova2009,A systematic analysis of performance measures for classification tasks,"Sokolova, Marina and Lapalme, Guy",Information Processing \& Management,2009,10.1016/j.ipm.2009.03.002,4,True,https://www.sciencedirect.com/search?qs=10.1016/j.ipm.2009.03.002,crossref_elsevier,False,,,False,,,False,,,True,https://scholar.google.com/scholar?q=10.1016/j.ipm.2009.03.002,doi_search,True,https://link.springer.com/search?query=10.1016/j.ipm.2009.03.002,doi_search,False,,,True,https://doi.org/10.1016/j.ipm.2009.03.002,,Elsevier BV
Chicco2020,The advantages of the Matthews correlation coefficient (MCC,"Chicco, Davide and Jurman, Giuseppe",BMC Genomics,2020,10.1186/s12864-019-6413-7,4,False,,,True,https://pubmed.ncbi.nlm.nih.gov/?term=The%20advantages%20of%20the%20Matthews,title_search,False,,,False,,,True,https://scholar.google.com/scholar?q=10.1186/s12864-019-6413-7,doi_search,True,https://link.springer.com/search?query=10.1186/s12864-019-6413-7,doi_search,False,,,True,https://doi.org/10.1186/s12864-019-6413-7,,Springer Science and Business Media LLC
Rousseeuw1987,Silhouettes: A graphical aid to the interpretation and validation of cluster analysis,"Rousseeuw, Peter J.",Journal of Computational and Applied Mathematics,1987,10.1016/0377-0427(87)90125-7,4,True,https://www.sciencedirect.com/search?qs=10.1016/0377-0427%2887%2990125-7,crossref_elsevier,False,,,False,,,False,,,True,https://scholar.google.com/scholar?q=10.1016/0377-0427%2887%2990125-7,doi_search,True,https://link.springer.com/search?query=10.1016/0377-0427%2887%2990125-7,doi_search,False,,,True,https://doi.org/10.1016/0377-0427(87)90125-7,,Elsevier BV
Mamdani1975,An experiment in linguistic synthesis with a fuzzy logic controller,"Mamdani, E. H. and Assilian, S.",International Journal of Man-Machine Studies,1975,10.1016/S0020-7373(75)80002-2,4,True,https://www.sciencedirect.com/search?qs=10.1016/S0020-7373%2875%2980002-2,crossref_elsevier,False,,,False,,,False,,,True,https://scholar.google.com/scholar?q=10.1016/S0020-7373%2875%2980002-2,doi_search,True,https://link.springer.com/search?query=10.1016/S0020-7373%2875%2980002-2,doi_search,False,,,True,https://doi.org/10.1016/S0020-7373(75)80002-2,,Elsevier BV
Thayer2010MetaAnalysisHRV,"The relationship of autonomic imbalance, heart rate variability and cardiovascular disease risk factors","Thayer, J. F. and Yamamoto, S. S. and Brosschot, J. F.",International Journal of Cardiology,2010,10.1016/j.ijcard.2009.09.543,5,True,https://www.sciencedirect.com/search?qs=10.1016/j.ijcard.2009.09.543,crossref_elsevier,True,https://pubmed.ncbi.nlm.nih.gov/?term=The%20relationship%20of%20autonomic%20imbalance%2C,title_search,False,,,False,,,True,https://scholar.google.com/scholar?q=10.1016/j.ijcard.2009.09.543,doi_search,True,https://link.springer.com/search?query=10.1016/j.ijcard.2009.09.543,doi_search,False,,,True,https://doi.org/10.1016/j.ijcard.2009.09.543,,Elsevier BV
Rousseeuw1987Silhouettes,Silhouettes: A graphical aid to the interpretation and validation of cluster analysis,"Rousseeuw, P. J.",Journal of Computational and Applied Mathematics,1987,10.1016/0377-0427(87)90125-7,4,True,https://www.sciencedirect.com/search?qs=10.1016/0377-0427%2887%2990125-7,crossref_elsevier,False,,,False,,,False,,,True,https://scholar.google.com/scholar?q=10.1016/0377-0427%2887%2990125-7,doi_search,True,https://link.springer.com/search?query=10.1016/0377-0427%2887%2990125-7,doi_search,False,,,True,https://doi.org/10.1016/0377-0427(87)90125-7,,Elsevier BV
Shamah-Levy2023ENSANUT,Encuesta Nacional de Salud y Nutrici\'o,"Shamah-Levy, T. and Romero-Mart\'i",,2023,,1,False,,,False,,,False,,,False,,,True,https://scholar.google.com/scholar?q=Encuesta%20Nacional%20de%20Salud%20y,title_search,False,,,False,,,False,,,
Harris1918,A Biometric Study of Human Basal Metabolism,"Harris, J. Arthur and Benedict, Francis G.",Proceedings of the National Academy of Sciences,1918,10.1073/pnas.4.12.370,3,False,,,False,,,False,,,False,,,True,https://scholar.google.com/scholar?q=10.1073/pnas.4.12.370,doi_search,True,https://link.springer.com/search?query=10.1073/pnas.4.12.370,doi_search,False,,,True,https://doi.org/10.1073/pnas.4.12.370,,Proceedings of the National Academy of Sciences
Schuch2018,Physical Activity and Incident Depression: A Meta-Analysis of Prospective Cohort Studies,"Schuch, Felipe B. and Vancampfort, Davy and Firth, Joseph and Rosenbaum, Simon and Ward, Philip B. and Silva, Edson S. and Hallgren, Mats and Ponce De Leon, Antonio and Dunn, Andrea L. and Deslandes, Andrea C. and Fleck, Marcelo P. and Carvalho, Andre F. and Stubbs, Brendon",American Journal of Psychiatry,2018,10.1176/appi.ajp.2018.17111194,4,False,,,True,https://pubmed.ncbi.nlm.nih.gov/?term=Physical%20Activity%20and%20Incident%20Depression%3A,title_search,False,,,False,,,True,https://scholar.google.com/scholar?q=10.1176/appi.ajp.2018.17111194,doi_search,True,https://link.springer.com/search?query=10.1176/appi.ajp.2018.17111194,doi_search,False,,,True,https://doi.org/10.1176/appi.ajp.2018.17111194,,American Psychiatric Association Publishing
Rehman2024LOSO,Human Activity Recognition: A Comparative Study of Validation Methods and Impact of Feature Extraction in Wearable Sensors,"Rehman, Saeed Ur and Ali, Anwar and Khan, Adil Mehmood and Okpala, Cynthia",Algorithms,2024,10.3390/a17120556,3,False,,,False,,,False,,,False,,,True,https://scholar.google.com/scholar?q=10.3390/a17120556,doi_search,True,https://link.springer.com/search?query=10.3390/a17120556,doi_search,False,,,True,https://doi.org/10.3390/a17120556,,MDPI AG
Mathew2024LOSO,Measuring Functional Hand Use in Children with Unilateral Cerebral Palsy Using Accelerometry and Machine Learning,"Mathew, Sunaal P. and Dawe, Jaclyn and Musselman, Kristin E. and Petrevska, Marina and Zariffa, Jos\'e",Developmental Medicine \& Child Neurology,2024,10.1111/dmcn.15895,4,False,,,True,https://pubmed.ncbi.nlm.nih.gov/?term=Measuring%20Functional%20Hand%20Use%20in,title_search,False,,,False,,,True,https://scholar.google.com/scholar?q=10.1111/dmcn.15895,doi_search,True,https://link.springer.com/search?query=10.1111/dmcn.15895,doi_search,False,,,True,https://doi.org/10.1111/dmcn.15895,,Wiley
Ji2023Scratch,Assessing nocturnal scratch with actigraphy in atopic dermatitis patients,"Ji, Ju and Venderley, Jordan and Zhang, Hui and Lei, Mengjue and Ruan, Guangchen and Patel, Neel and Chung, Yu-Min and Giesting, Regan and Miller, Leah",npj Digital Medicine,2023,10.1038/s41746-023-00821-y,4,False,,,True,https://pubmed.ncbi.nlm.nih.gov/?term=Assessing%20nocturnal%20scratch%20with%20actigraphy,title_search,False,,,False,,,True,https://scholar.google.com/scholar?q=10.1038/s41746-023-00821-y,doi_search,True,https://link.springer.com/search?query=10.1038/s41746-023-00821-y,doi_search,False,,,True,https://doi.org/10.1038/s41746-023-00821-y,,Springer Science and Business Media LLC
Bassani2025DLHAR,Deep Learning Algorithms for Human Activity Recognition in Manual Material Handling Tasks,"Bassani, Giulia and Avizzano, Carlo Alberto and Filippeschi, Alessandro",Sensors,2025,10.3390/s25216705,4,False,,,True,https://pubmed.ncbi.nlm.nih.gov/?term=Deep%20Learning%20Algorithms%20for%20Human,title_search,False,,,False,,,True,https://scholar.google.com/scholar?q=10.3390/s25216705,doi_search,True,https://link.springer.com/search?query=10.3390/s25216705,doi_search,False,,,True,https://doi.org/10.3390/s25216705,,MDPI AG
MarashiHosseini2023Dietary,A fuzzy based dietary clinical decision support system for patients with multiple chronic conditions (MCCs),"Marashi-Hosseini, Leila and Jafarirad, Sima and Hadianfard, Ali Mohammad",Scientific Reports,2023,10.1038/s41598-023-39371-4,4,False,,,True,https://pubmed.ncbi.nlm.nih.gov/?term=A%20fuzzy%20based%20dietary%20clinical,title_search,False,,,False,,,True,https://scholar.google.com/scholar?q=10.1038/s41598-023-39371-4,doi_search,True,https://link.springer.com/search?query=10.1038/s41598-023-39371-4,doi_search,False,,,True,https://doi.org/10.1038/s41598-023-39371-4,,Springer Science and Business Media LLC
Capitoli2025FuzzyXAI,Assisting clinical diagnosis with interpretable fuzzy probabilistic modelling,"Capitoli, Giulia and Nobile, Marco S. and Ambags, Emma L. and L'Imperio, Vincenzo and Provenzano, Michele and Liò, Pietro",BMC Medical Informatics and Decision Making,2025,10.1186/s12911-025-03183-5,4,False,,,True,https://pubmed.ncbi.nlm.nih.gov/?term=Assisting%20clinical%20diagnosis%20with%20interpretable,title_search,False,,,False,,,True,https://scholar.google.com/scholar?q=10.1186/s12911-025-03183-5,doi_search,True,https://link.springer.com/search?query=10.1186/s12911-025-03183-5,doi_search,False,,,True,https://doi.org/10.1186/s12911-025-03183-5,,Springer Science and Business Media LLC
Bienefeld2023XAI,Solving the explainable AI conundrum by bridging clinicians' needs and developers' goals,"Bienefeld, Nadine and Boss, Jens M. and Lüthy, Rahel and Brodbeck, Dominique and Azzati, Jan and Blaser, Mirco and Willms, Jan and Keller, Emanuela",npj Digital Medicine,2023,10.1038/s41746-023-00837-4,4,False,,,True,https://pubmed.ncbi.nlm.nih.gov/?term=Solving%20the%20explainable%20AI%20conundrum,title_search,False,,,False,,,True,https://scholar.google.com/scholar?q=10.1038/s41746-023-00837-4,doi_search,True,https://link.springer.com/search?query=10.1038/s41746-023-00837-4,doi_search,False,,,True,https://doi.org/10.1038/s41746-023-00837-4,,Springer Science and Business Media LLC
Salim2024STEPHEN,Detection of Sedentary Time and Bouts Using Consumer-Grade Wrist-Worn Devices: A Hidden Semi-Markov Model,"Salim, Agus and Brakenridge, Christian J. and Lekamlage, Dulari H. and others",BMC Medical Research Methodology,2024,10.1186/s12874-024-02311-5,4,False,,,True,https://pubmed.ncbi.nlm.nih.gov/?term=Detection%20of%20Sedentary%20Time%20and,title_search,False,,,False,,,True,https://scholar.google.com/scholar?q=10.1186/s12874-024-02311-5,doi_search,True,https://link.springer.com/search?query=10.1186/s12874-024-02311-5,doi_search,False,,,True,https://doi.org/10.1186/s12874-024-02311-5,,Springer Science and Business Media LLC
Lyons2024StandHour,"Defining Activity Thresholds Triggering a ""Stand Hour"" for Apple Watch Users: Cross-Sectional Study","Lyons, Katy and Man, Alison Hau Hei and Booth, David and Rena, Graham",JMIR Formative Research,2024,10.2196/53806,4,False,,,True,https://pubmed.ncbi.nlm.nih.gov/?term=Defining%20Activity%20Thresholds%20Triggering%20a,title_search,False,,,False,,,True,https://scholar.google.com/scholar?q=10.2196/53806,doi_search,True,https://link.springer.com/search?query=10.2196/53806,doi_search,False,,,True,https://doi.org/10.2196/53806,,JMIR Publications Inc.
OGrady2024AppleWatch,The Validity of Apple Watch Series 9 and Ultra 2 for Serial Measurements of Heart Rate Variability and Resting Heart Rate,"O'Grady, Ben and Lambe, Rory and Baldwin, Maximus and Acheson, Tara and Doherty, Cailbhe",Sensors,2024,10.3390/s24196220,3,False,,,False,,,False,,,False,,,True,https://scholar.google.com/scholar?q=10.3390/s24196220,doi_search,True,https://link.springer.com/search?query=10.3390/s24196220,doi_search,False,,,True,https://doi.org/10.3390/s24196220,,MDPI AG
Godkin2025Context,Measuring resting heart rate during daily life using wearable technology: Examining the impact of behavioral context and methodological criteria,"Godkin, F. Elizabeth and Van Ooteghem, Karen and Beyer, Kit B. and Weber, Kyle and Cornish, Benjamin F. and Tang, Ada and Martens, Kaylena Ehgoetz and McIlroy, William E.",Digital Health,2025,10.1177/20552076251367506,4,False,,,True,https://pubmed.ncbi.nlm.nih.gov/?term=Measuring%20resting%20heart%20rate%20during,title_search,False,,,False,,,True,https://scholar.google.com/scholar?q=10.1177/20552076251367506,doi_search,True,https://link.springer.com/search?query=10.1177/20552076251367506,doi_search,False,,,True,https://doi.org/10.1177/20552076251367506,,SAGE Publications
Marino2024ARIC,Associations of Physical Activity and Heart Rate Variability from a Two-Week ECG Monitor with Cognitive Function and Dementia: The ARIC Neurocognitive Study,"Marino, Francesca R. and Norby, Faye L. and Shah, Ami M. and Soliman, Elsayed Z. and Alonso, Alvaro and Gottesman, Rebecca F. and Mosley, Thomas H. and Coresh, Josef and Chen, Lynne Y. and Palta, Priya",Sensors,2024,10.3390/s24134060,3,False,,,False,,,False,,,False,,,True,https://scholar.google.com/scholar?q=10.3390/s24134060,doi_search,True,https://link.springer.com/search?query=10.3390/s24134060,doi_search,False,,,True,https://doi.org/10.3390/s24134060,,MDPI AG
Deng2023LharJBHI,Lhar: Lightweight human activity recognition on knowledge distillation,"Deng, Shizhuo and Chen, Jiaqi and Teng, Da and Yang, Chuangui and Chen, Dongyue and Jia, Tong and Wang, Hao",IEEE Journal of Biomedical and Health Informatics,2023,,2,False,,,True,https://pubmed.ncbi.nlm.nih.gov/?term=Lhar%3A%20Lightweight%20human%20activity%20recognition,title_search,False,,,False,,,True,https://scholar.google.com/scholar?q=Lhar%3A%20Lightweight%20human%20activity%20recognition,title_search,False,,,False,,,False,,,
Pedregosa2011sklearn,Scikit-learn: Machine Learning in Python,"Pedregosa, F. and Varoquaux, G. and Gramfort, A. and Michel, V. and Thirion, B. and Grisel, O. and Blondel, M. and Prettenhofer, P. and Weiss, R. and Dubourg, V. and Vanderplas, J. and Passos, A. and Cournapeau, D. and Brucher, M. and Perrot, M. and Duchesnay, E.",Journal of Machine Learning Research,2011,,2,False,,,True,https://pubmed.ncbi.nlm.nih.gov/?term=Scikit-learn%3A%20Machine%20Learning%20in%20Python,title_search,False,,,False,,,True,https://scholar.google.com/scholar?q=Scikit-learn%3A%20Machine%20Learning%20in%20Python,title_search,False,,,False,,,False,,,
Wilkinson2016FAIR,The FAIR Guiding Principles for scientific data management and stewardship,"Wilkinson, Mark D. and Dumontier, Michel and Aalbersberg, IJsbrand Jan and Appleton, Gabrielle and Axton, Myles and Baak, Arie and Blomberg, Niklas and Boiten, Jan-Willem and da Silva Santos, Luiz Bonino and Bourne, Philip E. and Bouwman, Jildau and Brookes, Anthony J. and Clark, Tim and Crosas, Mercè and Dillo, Ingrid and Dumon, Olivier and Edmunds, Scott and Evelo, Chris T. and Finkers, Richard and Gonzalez-Beltran, Alejandra and Gray, Alasdair J. G. and Groth, Paul and Goble, Carole and Grethe, Jeffrey S. and Heringa, Jaap and 't Hoen, Peter A. C. and Hooft, Rob and Kuhn, Tobias and Kok, Ruben and Kok, Joost and Lusher, Scott J. and Martone, Maryann E. and Mons, Albert and Packer, Abel L. and Persson, Bengt and Rocca-Serra, Philippe and Roos, Marco and van Schaik, Rene and Sansone, Susanna-Assunta and Schultes, Erik and Sengstag, Thierry and Slater, Ted and Strawn, George and Swertz, Morris A. and Thompson, Mark and van der Lei, Johan and van Mulligen, Erik and Velterop, Jan and Waagmeester, Andra and Wittenburg, Peter and Wolstencroft, Katherine and Zhao, Jun and Mons, Barend",Scientific Data,2016,10.1038/sdata.2016.18,4,False,,,True,https://pubmed.ncbi.nlm.nih.gov/?term=The%20FAIR%20Guiding%20Principles%20for,title_search,False,,,False,,,True,https://scholar.google.com/scholar?q=10.1038/sdata.2016.18,doi_search,True,https://link.springer.com/search?query=10.1038/sdata.2016.18,doi_search,False,,,True,https://doi.org/10.1038/sdata.2016.18,,Springer Science and Business Media LLC
